station,day,tmax,tmin
Tampere Siilinkari,2024-01-01,-16.5,-23.8
Tampere Siilinkari,2024-01-02,-21.8,-26.6
Tampere Siilinkari,2024-01-03,-21.3,-25.6
Tampere Siilinkari,2024-01-04,-22.1,-25.5
Tampere Siilinkari,2024-01-05,-19.8,-26.6
Tampere Siilinkari,2024-01-06,-19.9,-23.4
Tampere Siilinkari,2024-01-07,-15.8,-26.1
Tampere Siilinkari,2024-01-08,-2.4,-16.0
Tampere Siilinkari,2024-01-09,3.0,-6.5
Tampere Siilinkari,2024-01-10,3.5,-2.8
Tampere Siilinkari,2024-01-11,3.7,-12.6
Tampere Siilinkari,2024-01-12,-6.6,-19.6
Tampere Siilinkari,2024-01-13,-5.4,-24.0
Tampere Siilinkari,2024-01-14,-5.3,-7.2
Tampere Siilinkari,2024-01-15,-6.9,-22.1
Tampere Siilinkari,2024-01-16,-14.1,-21.9
Tampere Siilinkari,2024-01-17,-8.9,-25.8
Tampere Siilinkari,2024-01-18,-6.6,-9.0
Tampere Siilinkari,2024-01-19,-6.6,-18.5
Tampere Siilinkari,2024-01-20,-8.9,-19.4
Tampere Siilinkari,2024-01-21,1.3,-10.8
Tampere Siilinkari,2024-01-22,1.6,-0.1
Tampere Siilinkari,2024-01-23,3.8,1.4
Tampere Siilinkari,2024-01-24,2.1,-1.6
Tampere Siilinkari,2024-01-25,-0.6,-7.7
Tampere Siilinkari,2024-01-26,-7.2,-14.5
Tampere Siilinkari,2024-01-27,-1.9,-9.6
Tampere Siilinkari,2024-01-28,2.1,-1.9
Tampere Siilinkari,2024-01-29,4.1,1.4
Tampere Siilinkari,2024-01-30,1.6,-2.5
Tampere Siilinkari,2024-01-31,1.7,-1.1
Rantasalmi Rukkasluoto,2024-01-01,-13.4,-25.0
Rantasalmi Rukkasluoto,2024-01-02,-20.9,-28.8
Rantasalmi Rukkasluoto,2024-01-03,-21.0,-27.7
Rantasalmi Rukkasluoto,2024-01-04,-27.0,-30.2
Rantasalmi Rukkasluoto,2024-01-05,-25.6,-31.1
Rantasalmi Rukkasluoto,2024-01-06,-20.8,-25.6
Rantasalmi Rukkasluoto,2024-01-07,-12.9,-26.3
Rantasalmi Rukkasluoto,2024-01-08,-3.4,-12.9
Rantasalmi Rukkasluoto,2024-01-09,2.3,-4.4
Rantasalmi Rukkasluoto,2024-01-10,2.0,-4.5
Rantasalmi Rukkasluoto,2024-01-11,2.1,-12.7
Rantasalmi Rukkasluoto,2024-01-12,-12.5,-18.5
Rantasalmi Rukkasluoto,2024-01-13,-8.1,-20.5
Rantasalmi Rukkasluoto,2024-01-14,-7.9,-9.7
Rantasalmi Rukkasluoto,2024-01-15,-9.7,-16.1
Rantasalmi Rukkasluoto,2024-01-16,-14.3,-23.9
Rantasalmi Rukkasluoto,2024-01-17,-17.9,-29.2
Rantasalmi Rukkasluoto,2024-01-18,-8.4,-20.4
Rantasalmi Rukkasluoto,2024-01-19,-6.6,-17.3
Rantasalmi Rukkasluoto,2024-01-20,-16.6,-25.7
Rantasalmi Rukkasluoto,2024-01-21,-5.4,-26.2
Rantasalmi Rukkasluoto,2024-01-22,-1.2,-5.4
Rantasalmi Rukkasluoto,2024-01-23,3.0,-2.0
Rantasalmi Rukkasluoto,2024-01-24,2.1,-0.1
Rantasalmi Rukkasluoto,2024-01-25,0.1,-8.3
Rantasalmi Rukkasluoto,2024-01-26,-8.1,-16.6
Rantasalmi Rukkasluoto,2024-01-27,-4.0,-15.0
Rantasalmi Rukkasluoto,2024-01-28,0.0,-4.0
Rantasalmi Rukkasluoto,2024-01-29,3.8,0.0
Rantasalmi Rukkasluoto,2024-01-30,2.3,-5.2
Rantasalmi Rukkasluoto,2024-01-31,0.7,-7.0
Hailuoto Keskikylä,2024-01-01,-15.4,-28.8
Hailuoto Keskikylä,2024-01-02,-27.7,-31.4
Hailuoto Keskikylä,2024-01-03,-22.3,-31.2
Hailuoto Keskikylä,2024-01-04,-29.6,-32.4
Hailuoto Keskikylä,2024-01-05,-23.4,-32.8
Hailuoto Keskikylä,2024-01-06,-24.2,-29.9
Hailuoto Keskikylä,2024-01-07,-9.2,-24.2
Hailuoto Keskikylä,2024-01-08,-1.4,-10.3
Hailuoto Keskikylä,2024-01-09,3.8,-1.9
Hailuoto Keskikylä,2024-01-10,3.3,-3.3
Hailuoto Keskikylä,2024-01-11,0.9,-15.4
Hailuoto Keskikylä,2024-01-12,-7.6,-23.7
Hailuoto Keskikylä,2024-01-13,-6.8,-23.4
Hailuoto Keskikylä,2024-01-14,-10.9,-17.8
Hailuoto Keskikylä,2024-01-15,-16.9,-23.3
Hailuoto Keskikylä,2024-01-16,-15.8,-27.9
Hailuoto Keskikylä,2024-01-17,-22.8,-31.8
Hailuoto Keskikylä,2024-01-18,-13.4,-24.9
Hailuoto Keskikylä,2024-01-19,-13.0,-15.9
Hailuoto Keskikylä,2024-01-20,-15.6,-26.8
Hailuoto Keskikylä,2024-01-21,-3.0,-24.0
Hailuoto Keskikylä,2024-01-22,0.6,-3.0
Hailuoto Keskikylä,2024-01-23,1.9,-1.0
Hailuoto Keskikylä,2024-01-24,-0.9,-10.3
Hailuoto Keskikylä,2024-01-25,-5.8,-18.0
Hailuoto Keskikylä,2024-01-26,-7.6,-19.7
Hailuoto Keskikylä,2024-01-27,-0.8,-7.9
Hailuoto Keskikylä,2024-01-28,1.9,-1.1
Hailuoto Keskikylä,2024-01-29,3.7,1.4
Hailuoto Keskikylä,2024-01-30,2.6,-0.6
Hailuoto Keskikylä,2024-01-31,0.8,-1.9
Jomala Maarianhamina lentoasema,2024-01-01,-5.0,-11.0
Jomala Maarianhamina lentoasema,2024-01-02,-7.5,-8.6
Jomala Maarianhamina lentoasema,2024-01-03,-8.3,-9.5
Jomala Maarianhamina lentoasema,2024-01-04,-9.3,-13.7
Jomala Maarianhamina lentoasema,2024-01-05,-11.8,-17.4
Jomala Maarianhamina lentoasema,2024-01-06,-11.8,-21.5
Jomala Maarianhamina lentoasema,2024-01-07,-10.7,-20.9
Jomala Maarianhamina lentoasema,2024-01-08,-1.0,-19.3
Jomala Maarianhamina lentoasema,2024-01-09,4.9,-1.8
Jomala Maarianhamina lentoasema,2024-01-10,4.9,1.8
Jomala Maarianhamina lentoasema,2024-01-11,5.3,-4.9
Jomala Maarianhamina lentoasema,2024-01-12,4.0,-6.7
Jomala Maarianhamina lentoasema,2024-01-13,1.0,-4.1
Jomala Maarianhamina lentoasema,2024-01-14,0.7,-3.5
Jomala Maarianhamina lentoasema,2024-01-15,-3.5,-9.3
Jomala Maarianhamina lentoasema,2024-01-16,-6.1,-13.4
Jomala Maarianhamina lentoasema,2024-01-17,1.4,-8.7
Jomala Maarianhamina lentoasema,2024-01-18,0.6,-6.3
Jomala Maarianhamina lentoasema,2024-01-19,-2.6,-9.1
Jomala Maarianhamina lentoasema,2024-01-20,-5.9,-17.4
Jomala Maarianhamina lentoasema,2024-01-21,2.2,-16.5
Jomala Maarianhamina lentoasema,2024-01-22,3.5,0.5
Jomala Maarianhamina lentoasema,2024-01-23,5.2,2.2
Jomala Maarianhamina lentoasema,2024-01-24,2.7,-0.7
Jomala Maarianhamina lentoasema,2024-01-25,0.9,-2.1
Jomala Maarianhamina lentoasema,2024-01-26,0.8,-9.0
Jomala Maarianhamina lentoasema,2024-01-27,1.2,-0.6
Jomala Maarianhamina lentoasema,2024-01-28,3.5,0.5
Jomala Maarianhamina lentoasema,2024-01-29,4.0,1.5
Jomala Maarianhamina lentoasema,2024-01-30,2.1,-3.2
Jomala Maarianhamina lentoasema,2024-01-31,2.3,0.8
Helsinki Kaisaniemi,2024-01-01,-13.7,-17.4
Helsinki Kaisaniemi,2024-01-02,-14.2,-19.0
Helsinki Kaisaniemi,2024-01-03,-14.8,-19.4
Helsinki Kaisaniemi,2024-01-04,-15.4,-18.9
Helsinki Kaisaniemi,2024-01-05,-15.2,-17.2
Helsinki Kaisaniemi,2024-01-06,-13.2,-16.7
Helsinki Kaisaniemi,2024-01-07,-16.5,-21.2
Helsinki Kaisaniemi,2024-01-08,-2.9,-19.8
Helsinki Kaisaniemi,2024-01-09,2.5,-4.0
Helsinki Kaisaniemi,2024-01-10,2.4,-0.2
Helsinki Kaisaniemi,2024-01-11,2.4,-9.2
Helsinki Kaisaniemi,2024-01-12,-3.7,-11.5
Helsinki Kaisaniemi,2024-01-13,-5.4,-16.6
Helsinki Kaisaniemi,2024-01-14,-4.7,-6.5
Helsinki Kaisaniemi,2024-01-15,-5.1,-12.2
Helsinki Kaisaniemi,2024-01-16,-12.1,-18.0
Helsinki Kaisaniemi,2024-01-17,-2.5,-20.3
Helsinki Kaisaniemi,2024-01-18,-2.2,-5.9
Helsinki Kaisaniemi,2024-01-19,-3.0,-12.9
Helsinki Kaisaniemi,2024-01-20,-9.7,-18.5
Helsinki Kaisaniemi,2024-01-21,-0.1,-19.2
Helsinki Kaisaniemi,2024-01-22,1.7,-0.6
Helsinki Kaisaniemi,2024-01-23,3.6,1.7
Helsinki Kaisaniemi,2024-01-24,2.4,0.1
Helsinki Kaisaniemi,2024-01-25,0.9,-2.7
Helsinki Kaisaniemi,2024-01-26,-2.7,-7.8
Helsinki Kaisaniemi,2024-01-27,-0.9,-3.9
Helsinki Kaisaniemi,2024-01-28,2.7,-1.0
Helsinki Kaisaniemi,2024-01-29,3.6,1.6
Helsinki Kaisaniemi,2024-01-30,2.5,-1.4
Helsinki Kaisaniemi,2024-01-31,1.9,-0.3
Salla kirkonkylä,2024-01-01,-27.1,-33.7
Salla kirkonkylä,2024-01-02,-26.2,-35.1
Salla kirkonkylä,2024-01-03,-21.6,-35.1
Salla kirkonkylä,2024-01-04,-17.4,-26.0
Salla kirkonkylä,2024-01-05,-23.9,-28.2
Salla kirkonkylä,2024-01-06,-18.7,-32.5
Salla kirkonkylä,2024-01-07,-10.4,-22.3
Salla kirkonkylä,2024-01-08,-9.1,-20.2
Salla kirkonkylä,2024-01-09,-6.6,-19.3
Salla kirkonkylä,2024-01-10,-0.7,-15.7
Salla kirkonkylä,2024-01-11,-9.3,-20.7
Salla kirkonkylä,2024-01-12,-17.5,-31.2
Salla kirkonkylä,2024-01-13,-13.8,-28.4
Salla kirkonkylä,2024-01-14,-21.4,-29.9
Salla kirkonkylä,2024-01-15,-16.0,-24.7
Salla kirkonkylä,2024-01-16,-15.7,-17.3
Salla kirkonkylä,2024-01-17,-15.7,-23.3
Salla kirkonkylä,2024-01-18,-23.3,-32.3
Salla kirkonkylä,2024-01-19,-12.8,-25.5
Salla kirkonkylä,2024-01-20,-20.2,-29.7
Salla kirkonkylä,2024-01-21,-9.5,-27.5
Salla kirkonkylä,2024-01-22,-1.7,-9.5
Salla kirkonkylä,2024-01-23,0.0,-3.7
Salla kirkonkylä,2024-01-24,-1.2,-17.1
Salla kirkonkylä,2024-01-25,-17.2,-25.8
Salla kirkonkylä,2024-01-26,-6.9,-26.4
Salla kirkonkylä,2024-01-27,-3.0,-8.5
Salla kirkonkylä,2024-01-28,-0.3,-3.4
Salla kirkonkylä,2024-01-29,2.1,-0.7
Salla kirkonkylä,2024-01-30,1.8,-1.0
Salla kirkonkylä,2024-01-31,1.0,-3.1
Vaasa Klemettilä,2024-01-01,-14.8,-22.7
Vaasa Klemettilä,2024-01-02,-22.4,-26.9
Vaasa Klemettilä,2024-01-03,-24.0,-26.8
Vaasa Klemettilä,2024-01-04,-24.8,-28.5
Vaasa Klemettilä,2024-01-05,-25.6,-29.1
Vaasa Klemettilä,2024-01-06,-23.9,-28.5
Vaasa Klemettilä,2024-01-07,-4.5,-27.0
Vaasa Klemettilä,2024-01-08,-1.4,-5.4
Vaasa Klemettilä,2024-01-09,4.9,-1.4
Vaasa Klemettilä,2024-01-10,4.4,1.4
Vaasa Klemettilä,2024-01-11,4.4,-10.5
Vaasa Klemettilä,2024-01-12,1.9,-12.0
Vaasa Klemettilä,2024-01-13,-1.3,-12.9
Vaasa Klemettilä,2024-01-14,-2.5,-9.8
Vaasa Klemettilä,2024-01-15,-8.5,-11.9
Vaasa Klemettilä,2024-01-16,-11.8,-22.0
Vaasa Klemettilä,2024-01-17,-7.2,-23.0
Vaasa Klemettilä,2024-01-18,-6.8,-11.6
Vaasa Klemettilä,2024-01-19,-11.3,-18.6
Vaasa Klemettilä,2024-01-20,-11.8,-23.3
Vaasa Klemettilä,2024-01-21,0.8,-11.8
Vaasa Klemettilä,2024-01-22,1.5,-0.3
Vaasa Klemettilä,2024-01-23,3.5,1.1
Vaasa Klemettilä,2024-01-24,1.2,-5.5
Vaasa Klemettilä,2024-01-25,-2.8,-7.2
Vaasa Klemettilä,2024-01-26,-4.9,-13.1
Vaasa Klemettilä,2024-01-27,-0.6,-5.2
Vaasa Klemettilä,2024-01-28,2.6,-1.3
Vaasa Klemettilä,2024-01-29,5.1,2.2
Vaasa Klemettilä,2024-01-30,4.7,-1.7
Vaasa Klemettilä,2024-01-31,0.9,-1.9
Kittilä Pakatti,2024-01-01,-14.3,-27.2
Kittilä Pakatti,2024-01-02,-22.1,-33.8
Kittilä Pakatti,2024-01-03,-24.5,-32.9
Kittilä Pakatti,2024-01-04,-25.3,-31.7
Kittilä Pakatti,2024-01-05,-26.7,-32.5
Kittilä Pakatti,2024-01-06,-20.4,-29.6
Kittilä Pakatti,2024-01-07,-13.8,-24.6
Kittilä Pakatti,2024-01-08,-3.2,-15.7
Kittilä Pakatti,2024-01-09,1.8,-7.6
Kittilä Pakatti,2024-01-10,1.4,-9.2
Kittilä Pakatti,2024-01-11,-5.1,-17.1
Kittilä Pakatti,2024-01-12,-11.5,-25.0
Kittilä Pakatti,2024-01-13,-12.7,-18.4
Kittilä Pakatti,2024-01-14,-11.9,-25.4
Kittilä Pakatti,2024-01-15,-17.4,-25.7
Kittilä Pakatti,2024-01-16,-17.3,-25.4
Kittilä Pakatti,2024-01-17,-16.4,-21.2
Kittilä Pakatti,2024-01-18,-18.8,-32.2
Kittilä Pakatti,2024-01-19,-16.8,-23.0
Kittilä Pakatti,2024-01-20,-15.5,-29.1
Kittilä Pakatti,2024-01-21,-17.0,-29.0
Kittilä Pakatti,2024-01-22,-1.7,-17.1
Kittilä Pakatti,2024-01-23,-2.1,-5.8
Kittilä Pakatti,2024-01-24,-4.4,-23.1
Kittilä Pakatti,2024-01-25,-23.1,-28.6
Kittilä Pakatti,2024-01-26,-12.2,-27.3
Kittilä Pakatti,2024-01-27,-1.9,-13.4
Kittilä Pakatti,2024-01-28,1.0,-2.4
Kittilä Pakatti,2024-01-29,2.7,-1.3
Kittilä Pakatti,2024-01-30,3.3,-3.4
Kittilä Pakatti,2024-01-31,2.7,-2.1
Lieksa Lampela,2024-01-01,-12.5,-32.1
Lieksa Lampela,2024-01-02,-19.7,-33.7
Lieksa Lampela,2024-01-03,-19.6,-34.0
Lieksa Lampela,2024-01-04,-33.1,-36.6
Lieksa Lampela,2024-01-05,-32.8,-37.1
Lieksa Lampela,2024-01-06,-27.8,-35.0
Lieksa Lampela,2024-01-07,-16.6,-34.7
Lieksa Lampela,2024-01-08,-3.8,-16.6
Lieksa Lampela,2024-01-09,1.1,-16.1
Lieksa Lampela,2024-01-10,1.0,-10.9
Lieksa Lampela,2024-01-11,1.1,-22.4
Lieksa Lampela,2024-01-12,-21.2,-26.4
Lieksa Lampela,2024-01-13,-9.4,-27.7
Lieksa Lampela,2024-01-14,-9.0,-11.6
Lieksa Lampela,2024-01-15,-11.3,-15.1
Lieksa Lampela,2024-01-16,-15.0,-17.4
Lieksa Lampela,2024-01-17,-17.0,-31.4
Lieksa Lampela,2024-01-18,-11.5,-31.8
Lieksa Lampela,2024-01-19,-10.8,-17.5
Lieksa Lampela,2024-01-20,-16.8,-29.3
Lieksa Lampela,2024-01-21,-8.4,-31.5
Lieksa Lampela,2024-01-22,-1.5,-8.6
Lieksa Lampela,2024-01-23,2.4,-2.9
Lieksa Lampela,2024-01-24,1.8,-1.9
Lieksa Lampela,2024-01-25,-1.6,-12.5
Lieksa Lampela,2024-01-26,-9.0,-21.4
Lieksa Lampela,2024-01-27,-4.6,-19.7
Lieksa Lampela,2024-01-28,-1.1,-4.8
Lieksa Lampela,2024-01-29,2.9,-1.8
Lieksa Lampela,2024-01-30,2.2,-1.1
Lieksa Lampela,2024-01-31,0.1,-5.2
Luhanka Judinsalo,2024-01-01,-15.0,-22.8
Luhanka Judinsalo,2024-01-02,-20.6,-26.0
Luhanka Judinsalo,2024-01-03,-20.7,-25.5
Luhanka Judinsalo,2024-01-04,-24.4,-26.9
Luhanka Judinsalo,2024-01-05,-19.6,-26.0
Luhanka Judinsalo,2024-01-06,-19.8,-22.9
Luhanka Judinsalo,2024-01-07,-17.5,-26.4
Luhanka Judinsalo,2024-01-08,-2.6,-18.0
Luhanka Judinsalo,2024-01-09,2.7,-4.3
Luhanka Judinsalo,2024-01-10,2.7,0.1
Luhanka Judinsalo,2024-01-11,2.8,-12.4
Luhanka Judinsalo,2024-01-12,-8.6,-20.9
Luhanka Judinsalo,2024-01-13,-7.4,-24.6
Luhanka Judinsalo,2024-01-14,-6.9,-7.8
Luhanka Judinsalo,2024-01-15,-7.5,-21.1
Luhanka Judinsalo,2024-01-16,-18.1,-21.3
Luhanka Judinsalo,2024-01-17,-10.6,-27.9
Luhanka Judinsalo,2024-01-18,-7.2,-10.8
Luhanka Judinsalo,2024-01-19,-8.0,-17.9
Luhanka Judinsalo,2024-01-20,-11.7,-20.2
Luhanka Judinsalo,2024-01-21,-0.4,-15.8
Luhanka Judinsalo,2024-01-22,0.6,-1.4
Luhanka Judinsalo,2024-01-23,3.2,0.5
Luhanka Judinsalo,2024-01-24,1.7,-0.9
Luhanka Judinsalo,2024-01-25,0.1,-5.5
Luhanka Judinsalo,2024-01-26,-5.3,-13.6
Luhanka Judinsalo,2024-01-27,-2.8,-12.1
Luhanka Judinsalo,2024-01-28,1.6,-2.9
Luhanka Judinsalo,2024-01-29,4.2,1.2
Luhanka Judinsalo,2024-01-30,2.6,-4.4
Luhanka Judinsalo,2024-01-31,1.1,-3.7
Enontekiö lentoasema,2024-01-01,-19.2,-28.5
Enontekiö lentoasema,2024-01-02,-22.4,-28.3
Enontekiö lentoasema,2024-01-03,-25.8,-38.3
Enontekiö lentoasema,2024-01-04,-38.0,-43.5
Enontekiö lentoasema,2024-01-05,-32.8,-44.3
Enontekiö lentoasema,2024-01-06,-23.0,-32.7
Enontekiö lentoasema,2024-01-07,-8.1,-25.1
Enontekiö lentoasema,2024-01-08,-1.8,-9.3
Enontekiö lentoasema,2024-01-09,2.1,-4.9
Enontekiö lentoasema,2024-01-10,1.0,-6.1
Enontekiö lentoasema,2024-01-11,-5.9,-21.7
Enontekiö lentoasema,2024-01-12,-9.6,-17.8
Enontekiö lentoasema,2024-01-13,-11.3,-17.4
Enontekiö lentoasema,2024-01-14,-12.0,-27.7
Enontekiö lentoasema,2024-01-15,-18.8,-33.9
Enontekiö lentoasema,2024-01-16,-17.4,-25.4
Enontekiö lentoasema,2024-01-17,-16.2,-20.7
Enontekiö lentoasema,2024-01-18,-13.2,-26.0
Enontekiö lentoasema,2024-01-19,-12.9,-31.9
Enontekiö lentoasema,2024-01-20,-26.2,-36.3
Enontekiö lentoasema,2024-01-21,-22.9,-33.0
Enontekiö lentoasema,2024-01-22,-2.6,-22.9
Enontekiö lentoasema,2024-01-23,-2.4,-6.0
Enontekiö lentoasema,2024-01-24,-5.1,-26.1
Enontekiö lentoasema,2024-01-25,-23.4,-30.8
Enontekiö lentoasema,2024-01-26,-12.0,-30.1
Enontekiö lentoasema,2024-01-27,-1.5,-12.4
Enontekiö lentoasema,2024-01-28,1.0,-3.8
Enontekiö lentoasema,2024-01-29,2.6,-1.8
Enontekiö lentoasema,2024-01-30,3.1,-3.1
Enontekiö lentoasema,2024-01-31,3.1,-4.5
Rovaniemi rautatieasema,2024-01-01,-20.7,-29.8
Rovaniemi rautatieasema,2024-01-02,-25.5,-31.0
Rovaniemi rautatieasema,2024-01-03,-28.4,-31.6
Rovaniemi rautatieasema,2024-01-04,-24.8,-32.0
Rovaniemi rautatieasema,2024-01-05,-19.5,-27.3
Rovaniemi rautatieasema,2024-01-06,-19.5,-22.8
Rovaniemi rautatieasema,2024-01-07,-15.0,-23.4
Rovaniemi rautatieasema,2024-01-08,-8.6,-18.2
Rovaniemi rautatieasema,2024-01-09,0.8,-8.7
Rovaniemi rautatieasema,2024-01-10,1.4,-7.1
Rovaniemi rautatieasema,2024-01-11,-1.1,-16.5
Rovaniemi rautatieasema,2024-01-12,-14.0,-26.7
Rovaniemi rautatieasema,2024-01-13,-13.8,-26.9
Rovaniemi rautatieasema,2024-01-14,-19.8,-24.8
Rovaniemi rautatieasema,2024-01-15,-18.1,-30.1
Rovaniemi rautatieasema,2024-01-16,-15.2,-18.1
Rovaniemi rautatieasema,2024-01-17,-15.2,-29.5
Rovaniemi rautatieasema,2024-01-18,-19.6,-33.5
Rovaniemi rautatieasema,2024-01-19,-13.3,-19.8
Rovaniemi rautatieasema,2024-01-20,-18.4,-26.8
Rovaniemi rautatieasema,2024-01-21,-4.1,-25.3
Rovaniemi rautatieasema,2024-01-22,-0.3,-4.5
Rovaniemi rautatieasema,2024-01-23,0.1,-2.4
Rovaniemi rautatieasema,2024-01-24,-2.4,-15.8
Rovaniemi rautatieasema,2024-01-25,-15.0,-23.8
Rovaniemi rautatieasema,2024-01-26,-8.1,-23.2
Rovaniemi rautatieasema,2024-01-27,-0.9,-8.1
Rovaniemi rautatieasema,2024-01-28,0.5,-2.5
Rovaniemi rautatieasema,2024-01-29,2.5,0.3
Rovaniemi rautatieasema,2024-01-30,2.4,-0.8
Rovaniemi rautatieasema,2024-01-31,0.4,-2.7
Turku Artukainen,2024-01-01,-15.5,-17.9
Turku Artukainen,2024-01-02,-15.1,-18.7
Turku Artukainen,2024-01-03,-16.1,-19.6
Turku Artukainen,2024-01-04,-17.6,-19.6
Turku Artukainen,2024-01-05,-17.0,-19.6
Turku Artukainen,2024-01-06,-15.3,-19.0
Turku Artukainen,2024-01-07,-16.7,-23.3
Turku Artukainen,2024-01-08,-1.8,-19.9
Turku Artukainen,2024-01-09,2.4,-10.3
Turku Artukainen,2024-01-10,3.6,0.9
Turku Artukainen,2024-01-11,4.4,-7.9
Turku Artukainen,2024-01-12,1.7,-12.4
Turku Artukainen,2024-01-13,-2.6,-13.0
Turku Artukainen,2024-01-14,-2.4,-5.6
Turku Artukainen,2024-01-15,-4.1,-14.4
Turku Artukainen,2024-01-16,-13.5,-17.4
Turku Artukainen,2024-01-17,-2.0,-19.9
Turku Artukainen,2024-01-18,-2.2,-6.1
Turku Artukainen,2024-01-19,-4.7,-16.5
Turku Artukainen,2024-01-20,-8.4,-20.4
Turku Artukainen,2024-01-21,1.8,-19.9
Turku Artukainen,2024-01-22,3.7,0.7
Turku Artukainen,2024-01-23,4.5,1.4
Turku Artukainen,2024-01-24,1.5,-2.7
Turku Artukainen,2024-01-25,1.1,-3.9
Turku Artukainen,2024-01-26,-3.2,-11.8
Turku Artukainen,2024-01-27,0.1,-3.2
Turku Artukainen,2024-01-28,3.4,-1.6
Turku Artukainen,2024-01-29,4.7,1.0
Turku Artukainen,2024-01-30,1.6,-3.7
Turku Artukainen,2024-01-31,2.1,0.4
Sotkamo Kuolaniemi,2024-01-01,-15.9,-35.2
Sotkamo Kuolaniemi,2024-01-02,-19.1,-32.1
Sotkamo Kuolaniemi,2024-01-03,-18.8,-33.7
Sotkamo Kuolaniemi,2024-01-04,-33.0,-37.4
Sotkamo Kuolaniemi,2024-01-05,-35.1,-39.3
Sotkamo Kuolaniemi,2024-01-06,-28.3,-36.1
Sotkamo Kuolaniemi,2024-01-07,-11.9,-33.0
Sotkamo Kuolaniemi,2024-01-08,-4.6,-13.1
Sotkamo Kuolaniemi,2024-01-09,1.2,-10.0
Sotkamo Kuolaniemi,2024-01-10,1.5,-11.7
Sotkamo Kuolaniemi,2024-01-11,0.7,-15.8
Sotkamo Kuolaniemi,2024-01-12,-15.2,-24.9
Sotkamo Kuolaniemi,2024-01-13,-9.3,-29.8
Sotkamo Kuolaniemi,2024-01-14,-9.3,-15.9
Sotkamo Kuolaniemi,2024-01-15,-16.0,-25.7
Sotkamo Kuolaniemi,2024-01-16,-17.0,-29.2
Sotkamo Kuolaniemi,2024-01-17,-20.4,-31.2
Sotkamo Kuolaniemi,2024-01-18,-14.1,-33.0
Sotkamo Kuolaniemi,2024-01-19,-14.2,-18.8
Sotkamo Kuolaniemi,2024-01-20,-15.5,-26.3
Sotkamo Kuolaniemi,2024-01-21,-6.3,-27.1
Sotkamo Kuolaniemi,2024-01-22,-1.0,-6.3
Sotkamo Kuolaniemi,2024-01-23,2.1,-3.0
Sotkamo Kuolaniemi,2024-01-24,1.1,-3.5
Sotkamo Kuolaniemi,2024-01-25,-3.4,-10.8
Sotkamo Kuolaniemi,2024-01-26,-9.5,-23.2
Sotkamo Kuolaniemi,2024-01-27,-4.6,-18.4
Sotkamo Kuolaniemi,2024-01-28,0.0,-4.7
Sotkamo Kuolaniemi,2024-01-29,2.6,-1.4
Sotkamo Kuolaniemi,2024-01-30,2.2,-0.4
Sotkamo Kuolaniemi,2024-01-31,0.9,-2.9
Kotka Rankki,2024-01-01,-9.9,-16.5
Kotka Rankki,2024-01-02,-15.4,-18.2
Kotka Rankki,2024-01-03,-15.7,-18.8
Kotka Rankki,2024-01-04,-15.3,-20.8
Kotka Rankki,2024-01-05,-15.3,-19.3
Kotka Rankki,2024-01-06,-13.5,-18.1
Kotka Rankki,2024-01-07,-16.6,-19.8
Kotka Rankki,2024-01-08,-3.5,-17.0
Kotka Rankki,2024-01-09,1.9,-3.8
Kotka Rankki,2024-01-10,1.8,-0.1
Kotka Rankki,2024-01-11,1.8,-9.7
Kotka Rankki,2024-01-12,-4.8,-13.5
Kotka Rankki,2024-01-13,-5.6,-13.3
Kotka Rankki,2024-01-14,-5.3,-7.0
Kotka Rankki,2024-01-15,-4.8,-10.1
Kotka Rankki,2024-01-16,-10.1,-17.8
Kotka Rankki,2024-01-17,-3.5,-18.5
Kotka Rankki,2024-01-18,-3.1,-6.4
Kotka Rankki,2024-01-19,-2.1,-12.2
Kotka Rankki,2024-01-20,-10.2,-16.3
Kotka Rankki,2024-01-21,-1.2,-16.0
Kotka Rankki,2024-01-22,0.0,-1.9
Kotka Rankki,2024-01-23,2.3,0.0
Kotka Rankki,2024-01-24,1.7,-0.6
Kotka Rankki,2024-01-25,1.0,-3.1
Kotka Rankki,2024-01-26,-3.1,-8.5
Kotka Rankki,2024-01-27,-2.1,-4.7
Kotka Rankki,2024-01-28,1.1,-2.2
Kotka Rankki,2024-01-29,2.7,0.8
Kotka Rankki,2024-01-30,1.3,-2.1
Kotka Rankki,2024-01-31,1.1,-0.9
Pyhäjärvi Ojakylä,2024-01-01,-23.1,-35.6
Pyhäjärvi Ojakylä,2024-01-02,-28.4,-37.0
Pyhäjärvi Ojakylä,2024-01-03,-22.9,-32.6
Pyhäjärvi Ojakylä,2024-01-04,-29.1,-35.8
Pyhäjärvi Ojakylä,2024-01-05,-30.2,-36.7
Pyhäjärvi Ojakylä,2024-01-06,-27.7,-34.8
Pyhäjärvi Ojakylä,2024-01-07,-7.5,-30.8
Pyhäjärvi Ojakylä,2024-01-08,-4.4,-9.6
Pyhäjärvi Ojakylä,2024-01-09,1.8,-10.0
Pyhäjärvi Ojakylä,2024-01-10,2.3,-1.5
Pyhäjärvi Ojakylä,2024-01-11,1.6,-18.5
Pyhäjärvi Ojakylä,2024-01-12,-10.1,-23.8
Pyhäjärvi Ojakylä,2024-01-13,-7.4,-25.6
Pyhäjärvi Ojakylä,2024-01-14,-7.0,-17.5
Pyhäjärvi Ojakylä,2024-01-15,-17.0,-28.8
Pyhäjärvi Ojakylä,2024-01-16,-22.6,-31.7
Pyhäjärvi Ojakylä,2024-01-17,-19.3,-32.8
Pyhäjärvi Ojakylä,2024-01-18,-12.3,-20.9
Pyhäjärvi Ojakylä,2024-01-19,-12.8,-21.0
Pyhäjärvi Ojakylä,2024-01-20,-14.9,-26.0
Pyhäjärvi Ojakylä,2024-01-21,-4.0,-17.8
Pyhäjärvi Ojakylä,2024-01-22,-0.5,-4.0
Pyhäjärvi Ojakylä,2024-01-23,2.1,-0.9
Pyhäjärvi Ojakylä,2024-01-24,0.4,-3.8
Pyhäjärvi Ojakylä,2024-01-25,-3.7,-16.3
Pyhäjärvi Ojakylä,2024-01-26,-10.5,-22.1
Pyhäjärvi Ojakylä,2024-01-27,-3.5,-11.7
Pyhäjärvi Ojakylä,2024-01-28,0.3,-4.3
Pyhäjärvi Ojakylä,2024-01-29,3.0,0.3
Pyhäjärvi Ojakylä,2024-01-30,2.5,-1.9
Pyhäjärvi Ojakylä,2024-01-31,0.8,-2.7
Salo Kärkkä,2024-01-01,-16.1,-21.5
Salo Kärkkä,2024-01-02,-16.3,-19.7
Salo Kärkkä,2024-01-03,-15.6,-20.8
Salo Kärkkä,2024-01-04,-17.9,-20.2
Salo Kärkkä,2024-01-05,-15.4,-19.3
Salo Kärkkä,2024-01-06,-15.5,-22.5
Salo Kärkkä,2024-01-07,-20.6,-25.6
Salo Kärkkä,2024-01-08,-1.8,-21.4
Salo Kärkkä,2024-01-09,2.1,-3.7
Salo Kärkkä,2024-01-10,2.1,-4.7
Salo Kärkkä,2024-01-11,3.5,-12.5
Salo Kärkkä,2024-01-12,0.7,-15.9
Salo Kärkkä,2024-01-13,-3.4,-22.3
Salo Kärkkä,2024-01-14,-3.3,-6.6
Salo Kärkkä,2024-01-15,-5.8,-14.5
Salo Kärkkä,2024-01-16,-13.0,-23.2
Salo Kärkkä,2024-01-17,-3.5,-26.2
Salo Kärkkä,2024-01-18,-2.4,-5.1
Salo Kärkkä,2024-01-19,-4.8,-20.9
Salo Kärkkä,2024-01-20,-10.2,-26.5
Salo Kärkkä,2024-01-21,1.6,-26.4
Salo Kärkkä,2024-01-22,3.3,0.3
Salo Kärkkä,2024-01-23,4.6,1.3
Salo Kärkkä,2024-01-24,1.3,-2.7
Salo Kärkkä,2024-01-25,1.1,-4.0
Salo Kärkkä,2024-01-26,-3.9,-14.8
Salo Kärkkä,2024-01-27,-0.6,-4.4
Salo Kärkkä,2024-01-28,3.3,-0.9
Salo Kärkkä,2024-01-29,4.7,1.4
Salo Kärkkä,2024-01-30,1.6,-5.5
Salo Kärkkä,2024-01-31,2.2,0.6
