"Observation station","Year","Month","Day","Time [Local time]","Average temperature [째C]","Maximum temperature [째C]","Minimum temperature [째C]","Average relative humidity [%]","Wind speed [m/s]","Maximum wind speed [m/s]","Average wind direction [째]","Maximum gust speed [m/s]","Precipitation [mm]","Average air pressure [hPa]"
"Kustavi Isokari","2023","4","1","00:00","-0.6","-0.4","-0.8","82","6","6.4","15","7.6","0","1007.5"
"Kustavi Isokari","2023","4","1","01:00","-0.7","-0.4","-1","84","5.3","5.7","30","6.4","0","1007.8"
"Kustavi Isokari","2023","4","1","02:00","-1","-0.9","-1.1","80","5.6","6.2","27","6.9","0","1007.9"
"Kustavi Isokari","2023","4","1","03:00","-1.2","-1","-1.5","78","5.4","6","23","6.7","0","1008.2"
"Kustavi Isokari","2023","4","1","04:00","-1","-0.8","-1.3","77","6.3","7.4","17","8.5","0","1008.4"
"Kustavi Isokari","2023","4","1","05:00","-1","-0.9","-1.2","75","7","7.3","21","8.5","0","1008.6"
"Kustavi Isokari","2023","4","1","06:00","-1.4","-1.1","-1.7","72","5.8","6.8","24","7.7","0","1008.9"
"Kustavi Isokari","2023","4","1","07:00","-1.7","-1.5","-1.8","72","6.2","6.5","24","7.4","0","1009.3"
"Kustavi Isokari","2023","4","1","08:00","-1.5","-1.4","-1.7","71","6.5","7.3","29","8.3","0","1009.8"
"Kustavi Isokari","2023","4","1","09:00","-1.4","-1.2","-1.6","69","5.3","5.9","24","7.1","0","1010.2"
"Kustavi Isokari","2023","4","1","10:00","-0.9","-0.4","-1.4","68","5.8","6.8","9","8.6","0","1010.5"
"Kustavi Isokari","2023","4","1","11:00","-0.2","0.2","-0.5","73","5.7","6.3","2","8.3","0","1010.8"
"Kustavi Isokari","2023","4","1","12:00","-0.1","0.4","-0.3","74","6.7","7.1","2","9.2","0","1011.2"
"Kustavi Isokari","2023","4","1","13:00","0.1","0.3","-0.2","75","8.3","9.7","356","11.2","0","1011.6"
"Kustavi Isokari","2023","4","1","14:00","0.6","0.9","0.1","75","8.5","9.3","357","11.7","0","1012"
"Kustavi Isokari","2023","4","1","15:00","1.1","1.3","0.9","73","9.7","10.2","354","12.6","0","1012.2"
"Kustavi Isokari","2023","4","1","16:00","1","1.2","0.9","74","9.6","10","349","12.8","0","1012.7"
"Kustavi Isokari","2023","4","1","17:00","1","1.2","0.8","73","9.6","10.3","350","13.3","0","1013"
"Kustavi Isokari","2023","4","1","18:00","1","1.1","1","69","10.5","10.9","353","13.7","0","1013.3"
"Kustavi Isokari","2023","4","1","19:00","0.9","1","0.8","71","10.3","10.9","354","13.7","0","1013.8"
"Kustavi Isokari","2023","4","1","20:00","0.7","0.8","0.5","74","10.6","11","357","13.9","0","1014.6"
"Kustavi Isokari","2023","4","1","21:00","0.5","0.6","0.4","75","9.3","10","5","12.8","0","1015.5"
"Kustavi Isokari","2023","4","1","22:00","0.5","0.6","0.4","76","10.1","10.3","11","13.1","0","1016.3"
"Kustavi Isokari","2023","4","1","23:00","0.3","0.5","0.2","77","9.2","10","10","11.9","0","1017.2"
"Kustavi Isokari","2023","4","2","00:00","0.3","0.4","0.2","78","8.4","8.8","14","10.5","0","1018.1"
"Kustavi Isokari","2023","4","2","01:00","0.4","0.6","0.3","72","7.5","8.1","20","8.9","0","1018.9"
"Kustavi Isokari","2023","4","2","02:00","0.3","0.4","0.1","64","6.5","7","25","7.9","0","1019.5"
"Kustavi Isokari","2023","4","2","03:00","-0.3","0.1","-0.5","65","5.5","6.4","15","7.3","0","1020.1"
"Kustavi Isokari","2023","4","2","04:00","-0.3","0","-0.6","77","5.5","6.3","11","7.2","0","1020.7"
"Kustavi Isokari","2023","4","2","05:00","-0.7","-0.2","-1.1","70","4.6","5.9","15","5.8","0","1021.5"
"Kustavi Isokari","2023","4","2","06:00","-1","-0.5","-1.4","71","3.2","4.5","19","5.6","0","1022.3"
"Kustavi Isokari","2023","4","2","07:00","-1.4","-0.9","-2.1","68","2.3","2.9","21","3.5","0","1022.9"
"Kustavi Isokari","2023","4","2","08:00","-1.1","-0.4","-2.1","72","2.8","3.4","7","3.8","0","1023.8"
"Kustavi Isokari","2023","4","2","09:00","-0.7","-0.3","-1.2","66","5.4","7.3","31","8.2","0","1024.8"
"Kustavi Isokari","2023","4","2","10:00","-0.9","-0.7","-1.2","63","6","6.5","22","7.5","0","1025.7"
"Kustavi Isokari","2023","4","2","11:00","-0.5","-0.1","-0.8","67","6.8","7.5","9","9.2","0","1026.5"
"Kustavi Isokari","2023","4","2","12:00","0","0.2","-0.3","65","8","8.7","2","11.3","0","1027.1"
"Kustavi Isokari","2023","4","2","13:00","0.1","0.3","-0.1","64","9.1","10.2","357","12.7","0","1027.7"
"Kustavi Isokari","2023","4","2","14:00","0.2","0.6","0","66","9.8","10.4","354","12.8","0","1028.3"
"Kustavi Isokari","2023","4","2","15:00","0.4","0.7","0.1","69","10.1","10.7","352","13.1","0","1028.9"
"Kustavi Isokari","2023","4","2","16:00","0.4","0.6","0.2","72","11.1","12","350","14.8","0","1029.3"
"Kustavi Isokari","2023","4","2","17:00","0.3","0.7","0.1","75","11","11.6","348","14.6","0","1029.7"
"Kustavi Isokari","2023","4","2","18:00","0.2","0.3","0","74","11.1","11.9","351","14.7","0","1030.1"
"Kustavi Isokari","2023","4","2","19:00","0.1","0.3","0","73","10.6","11.6","353","14.3","0","1030.5"
"Kustavi Isokari","2023","4","2","20:00","0.1","0.1","0","76","9.5","10.4","356","13.2","0","1031"
"Kustavi Isokari","2023","4","2","21:00","0.1","0.3","0","78","8.9","9.4","360","12.1","0","1031.6"
"Kustavi Isokari","2023","4","2","22:00","0.3","0.5","0.1","78","7.2","8.3","11","9.1","0","1032.3"
"Kustavi Isokari","2023","4","2","23:00","0.4","0.6","0.3","68","7.1","7.6","17","9","0","1033.1"
"Kustavi Isokari","2023","4","3","00:00","0.4","0.5","0.1","65","8","8.5","19","10.2","0","1033.5"
"Kustavi Isokari","2023","4","3","01:00","-0.1","0.2","-0.4","65","8.8","9.1","23","10.6","0","1033.8"
"Kustavi Isokari","2023","4","3","02:00","-0.6","-0.4","-0.9","65","8.5","8.8","28","10.2","0","1034.2"
"Kustavi Isokari","2023","4","3","03:00","-1.1","-0.9","-1.4","65","7.4","8","28","8.9","0","1034.5"
"Kustavi Isokari","2023","4","3","04:00","-1.7","-1.4","-1.9","66","6.7","7.3","26","8.2","0","1034.6"
"Kustavi Isokari","2023","4","3","05:00","-2.2","-1.9","-2.4","67","5.4","6.2","30","6.8","0","1034.8"
"Kustavi Isokari","2023","4","3","06:00","-2.6","-2.4","-2.7","66","4.5","4.9","34","5.7","0","1034.9"
"Kustavi Isokari","2023","4","3","07:00","-2.9","-2.7","-3.1","66","4.6","4.7","31","5.8","0","1035"
"Kustavi Isokari","2023","4","3","08:00","-3.1","-3","-3.2","67","4.3","4.8","30","5.7","0","1035"
"Kustavi Isokari","2023","4","3","09:00","-3.1","-3","-3.2","68","4.6","4.8","23","5.9","0","1035.2"
"Kustavi Isokari","2023","4","3","10:00","-2.7","-2.4","-3","66","4.7","4.9","18","5.7","0","1035.2"
"Kustavi Isokari","2023","4","3","11:00","-2.1","-1.5","-2.5","67","4.7","5","17","5.9","0","1035.2"
"Kustavi Isokari","2023","4","3","12:00","-1.3","-0.6","-1.7","68","4.5","5.3","3","6.4","0","1035.2"
"Kustavi Isokari","2023","4","3","13:00","-0.6","-0.1","-1","69","5.4","6","348","7.4","0","1034.8"
"Kustavi Isokari","2023","4","3","14:00","-0.3","0.1","-0.6","71","6.2","6.8","343","8.2","0","1034.2"
"Kustavi Isokari","2023","4","3","15:00","0.1","0.4","-0.2","69","7.1","7.9","342","9.6","0","1033.7"
"Kustavi Isokari","2023","4","3","16:00","0.3","0.5","0","65","7.6","8.4","344","9.6","0","1033.2"
"Kustavi Isokari","2023","4","3","17:00","0.4","0.8","0.2","64","7.2","7.5","343","9.5","0","1032.7"
"Kustavi Isokari","2023","4","3","18:00","0.4","0.6","0.2","62","7.7","8.4","344","10","0","1032.1"
"Kustavi Isokari","2023","4","3","19:00","0.3","0.4","0.1","60","7.5","7.9","346","9.9","0","1031.6"
"Kustavi Isokari","2023","4","3","20:00","-0.1","0.1","-0.3","63","7.6","8.2","352","10","0","1031.3"
"Kustavi Isokari","2023","4","3","21:00","-0.4","-0.3","-0.6","66","7.4","8","354","9.6","0","1031.1"
"Kustavi Isokari","2023","4","3","22:00","-0.5","-0.4","-0.6","68","6.6","7.1","354","8.7","0","1030.9"
"Kustavi Isokari","2023","4","3","23:00","-0.5","-0.4","-0.6","72","7.1","7.7","358","9.1","0","1030.7"
"Kustavi Isokari","2023","4","4","00:00","-0.6","-0.5","-0.7","72","6.5","6.9","2","8.5","0","1030.4"
"Kustavi Isokari","2023","4","4","01:00","-0.6","-0.5","-0.7","75","6","6.3","9","7.8","0","1030.1"
"Kustavi Isokari","2023","4","4","02:00","-0.6","-0.5","-0.8","78","5.4","6","6","7.1","0","1029.9"
"Kustavi Isokari","2023","4","4","03:00","-0.8","-0.6","-1","78","4.8","5.3","4","6.2","0","1029.4"
"Kustavi Isokari","2023","4","4","04:00","-0.8","-0.5","-1.1","78","4.4","4.7","15","5.6","0","1029.1"
"Kustavi Isokari","2023","4","4","05:00","-1","-0.6","-1.4","70","3.6","4.1","38","4.4","0","1029"
"Kustavi Isokari","2023","4","4","06:00","-1.8","-1.4","-2.2","62","3.1","3.5","51","3.9","0","1028.7"
"Kustavi Isokari","2023","4","4","07:00","-2.4","-2.2","-2.6","71","2.5","3","62","3.5","0","1028.3"
"Kustavi Isokari","2023","4","4","08:00","-2.3","-1.9","-3.3","73","1.8","2","57","2.3","0","1028.1"
"Kustavi Isokari","2023","4","4","09:00","-1.9","-1.4","-2.2","71","1.4","1.9","47","2.1","0","1028"
"Kustavi Isokari","2023","4","4","10:00","-1.3","-0.8","-1.7","70","1.5","1.8","54","2.2","0","1028"
"Kustavi Isokari","2023","4","4","11:00","-1.2","-0.8","-1.6","68","1.4","1.7","54","2","0","1028.2"
"Kustavi Isokari","2023","4","4","12:00","-0.6","0","-1.2","52","1.2","1.5","46","1.8","0","1028.2"
"Kustavi Isokari","2023","4","4","13:00","0.2","0.7","-0.2","48","1.9","2.5","338","3.2","0","1028"
"Kustavi Isokari","2023","4","4","14:00","0.4","0.9","0.1","55","3.5","4","319","5.1","0","1027.9"
"Kustavi Isokari","2023","4","4","15:00","0.8","1.3","0.4","59","5.2","5.8","326","7.6","0","1027.5"
"Kustavi Isokari","2023","4","4","16:00","0.8","1.1","0.5","60","6.5","7.4","334","8.9","0","1027"
"Kustavi Isokari","2023","4","4","17:00","1","1.3","0.7","60","7.1","7.7","340","9.5","0","1026.7"
"Kustavi Isokari","2023","4","4","18:00","1","1.3","0.8","60","7.1","7.9","349","9.7","0","1026.4"
"Kustavi Isokari","2023","4","4","19:00","0.8","0.9","0.7","65","6.7","7.2","354","8.9","0","1026.2"
"Kustavi Isokari","2023","4","4","20:00","0.5","0.8","0.3","70","6.7","7","356","8.7","0","1025.9"
"Kustavi Isokari","2023","4","4","21:00","0.1","0.3","0","75","6.7","7","357","8.7","0","1025.9"
"Kustavi Isokari","2023","4","4","22:00","0","0.1","-0.1","78","6.6","7.1","360","9","0","1025.9"
"Kustavi Isokari","2023","4","4","23:00","0","0.1","-0.1","81","6.8","7.2","3","8.8","0","1026"
"Kustavi Isokari","2023","4","5","00:00","0","0.1","-0.1","82","6","6.7","7","7.7","0","1026"
"Kustavi Isokari","2023","4","5","01:00","0.2","0.4","-0.1","79","5.7","6","21","7","0","1026.1"
"Kustavi Isokari","2023","4","5","02:00","0","0.3","-0.1","68","5.5","5.7","25","6.3","0","1026.3"
"Kustavi Isokari","2023","4","5","03:00","-0.4","-0.1","-0.7","61","5.7","6","49","7","0","1026.4"
"Kustavi Isokari","2023","4","5","04:00","-0.8","-0.6","-0.8","60","5.4","5.8","44","6.8","0","1026.1"
"Kustavi Isokari","2023","4","5","05:00","-0.6","-0.4","-0.7","54","5.6","6.3","34","7.7","0","1025.8"
"Kustavi Isokari","2023","4","5","06:00","-0.6","-0.4","-1","51","7","7.5","38","8.6","0","1025.7"
"Kustavi Isokari","2023","4","5","07:00","-1.2","-0.9","-1.5","55","7.7","8.2","52","9","0","1025.5"
"Kustavi Isokari","2023","4","5","08:00","-1.4","-1.3","-1.5","57","7","7.9","57","8.5","0","1025.6"
"Kustavi Isokari","2023","4","5","09:00","-1.2","-1.1","-1.3","55","6.2","6.5","49","7.6","0","1025.7"
"Kustavi Isokari","2023","4","5","10:00","-1.2","-1.1","-1.3","54","6.8","7.4","37","8.3","0","1025.5"
"Kustavi Isokari","2023","4","5","11:00","-0.6","0.1","-1","54","6.4","7.4","39","8.2","0","1025.4"
"Kustavi Isokari","2023","4","5","12:00","0.7","1.9","0.1","57","5.5","5.9","41","7.3","0","1025.3"
"Kustavi Isokari","2023","4","5","13:00","2.1","2.6","1.7","64","6.1","6.6","62","8.1","0","1025.2"
"Kustavi Isokari","2023","4","5","14:00","2.5","3","2","66","5.3","5.7","56","6.2","0","1025.2"
"Kustavi Isokari","2023","4","5","15:00","2.7","2.9","2.6","70","5.7","6.2","69","7","0","1025.4"
"Kustavi Isokari","2023","4","5","16:00","2.8","3.1","2.5","70","7","7.5","78","8.1","0","1025.5"
"Kustavi Isokari","2023","4","5","17:00","2.6","2.9","2.2","74","5.2","6.4","81","6.8","0","1025.5"
"Kustavi Isokari","2023","4","5","18:00","2.9","3.3","2.4","72","5.7","6.5","85","7.3","0","1025.5"
"Kustavi Isokari","2023","4","5","19:00","2.8","3.2","2.5","74","5.1","5.9","92","6.9","0","1025.4"
"Kustavi Isokari","2023","4","5","20:00","2.6","3.1","2.3","77","4.9","6","95","6.3","0","1025.6"
"Kustavi Isokari","2023","4","5","21:00","2.5","2.9","2.2","78","4.2","4.6","110","6.5","0","1026"
"Kustavi Isokari","2023","4","5","22:00","2.7","3.6","2.1","77","5.3","6.5","120","8.4","0.1","1026.5"
"Kustavi Isokari","2023","4","5","23:00","2.2","2.7","1.6","87","5.8","6.6","125","7.7","0.4","1026.9"
"Kustavi Isokari","2023","4","6","00:00","1.9","2.2","1.7","91","5.5","6","99","6.5","0.2","1027"
"Kustavi Isokari","2023","4","6","01:00","1.5","1.7","1.4","94","5.1","5.4","84","5.6","0","1027"
"Kustavi Isokari","2023","4","6","02:00","1.7","1.9","1.4","94","5.8","6.4","111","7","0","1027.1"
"Kustavi Isokari","2023","4","6","03:00","1.4","1.6","1.1","96","4.4","5.5","135","6","0","1027.2"
"Kustavi Isokari","2023","4","6","04:00","1.2","1.3","1.1","99","2.8","3.2","136","4","0","1027.2"
"Kustavi Isokari","2023","4","6","05:00","1.3","1.5","1.1","99","2","2.4","139","3.2","0","1027.2"
"Kustavi Isokari","2023","4","6","06:00","1.2","1.2","1.1","99","2","3","113","3.3","0","1027.2"
"Kustavi Isokari","2023","4","6","07:00","1.1","1.1","1","99","3.2","3.6","109","3.9","0.4","1027.3"
"Kustavi Isokari","2023","4","6","08:00","0.9","1","0.7","99","2.5","3","107","3","0.3","1027.4"
"Kustavi Isokari","2023","4","6","09:00","0.7","0.8","0.7","99","2.3","2.7","99","2.9","0.4","1027.5"
"Kustavi Isokari","2023","4","6","10:00","0.9","1.2","0.8","98","1.7","2.5","106","2.6","0.2","1027.6"
"Kustavi Isokari","2023","4","6","11:00","1.2","1.4","0.9","98","2.1","2.4","11","2.9","0.2","1027.5"
"Kustavi Isokari","2023","4","6","12:00","1.5","1.6","1.3","98","2.8","3.1","360","3.5","0.2","1027.7"
"Kustavi Isokari","2023","4","6","13:00","1.8","2.2","1.6","98","2.2","2.9","6","3.6","0.1","1027.6"
"Kustavi Isokari","2023","4","6","14:00","1.8","2.1","1.6","98","1.7","2.2","350","2.6","0.1","1027.6"
"Kustavi Isokari","2023","4","6","15:00","2","2.2","1.8","97","1.5","2.1","343","2.7","0","1027.6"
"Kustavi Isokari","2023","4","6","16:00","2.3","2.6","2","97","1.4","2.2","337","2.6","0","1027.3"
"Kustavi Isokari","2023","4","6","17:00","2.4","2.6","2.1","95","1.6","1.9","337","2.4","0","1027"
"Kustavi Isokari","2023","4","6","18:00","2","2.2","1.8","96","2.1","2.5","337","3.2","0","1026.6"
"Kustavi Isokari","2023","4","6","19:00","1.8","2","1.7","96","2.2","2.5","356","3.2","0","1026.4"
"Kustavi Isokari","2023","4","6","20:00","1.5","1.7","1.4","95","2.8","3","20","3.5","0","1026.3"
"Kustavi Isokari","2023","4","6","21:00","1.5","1.6","1.4","95","2.2","2.6","45","2.7","0","1026.6"
"Kustavi Isokari","2023","4","6","22:00","1.6","1.7","1.4","94","1.5","1.9","125","2.2","0","1026.9"
"Kustavi Isokari","2023","4","6","23:00","1.4","1.5","1.2","96","2.2","2.9","187","3.6","0","1027.1"
"Kustavi Isokari","2023","4","7","00:00","1.2","1.3","1.1","99","2.7","3.2","234","4","0","1027"
"Kustavi Isokari","2023","4","7","01:00","1.2","1.5","1.1","100","2.2","3.2","231","3.7","0","1027.1"
"Kustavi Isokari","2023","4","7","02:00","1.2","1.3","1.1","98","4.3","5.6","157","6.2","0","1027.1"
"Kustavi Isokari","2023","4","7","03:00","1.1","1.2","0.9","98","3.6","4.2","163","4.5","0","1027.2"
"Kustavi Isokari","2023","4","7","04:00","0.9","1","0.9","99","1.8","3","167","3","0","1027.1"
"Kustavi Isokari","2023","4","7","05:00","0.9","0.9","0.8","100","0.9","1.5","115","1.9","0","1027.1"
"Kustavi Isokari","2023","4","7","06:00","0.9","0.9","0.8","99","0.5","1","59","1.3","0","1026.9"
"Kustavi Isokari","2023","4","7","07:00","0.8","0.9","0.8","99","1.9","2.2","61","2.4","0","1026.8"
"Kustavi Isokari","2023","4","7","08:00","0.9","1","0.9","99","1.7","2.1","14","2.2","0","1026.9"
"Kustavi Isokari","2023","4","7","09:00","1.1","1.2","1","99","1.8","1.9","354","2.4","0","1027.1"
"Kustavi Isokari","2023","4","7","10:00","1.3","1.6","1.2","99","1.9","2.1","5","2.6","0","1027.4"
"Kustavi Isokari","2023","4","7","11:00","1.6","2","1.5","99","2","2.1","356","2.6","0","1027.6"
"Kustavi Isokari","2023","4","7","12:00","1.7","1.9","1.5","98","3.3","4","341","4.8","0","1027.9"
"Kustavi Isokari","2023","4","7","13:00","1.9","2.3","1.7","97","4.7","5.2","343","6.7","0","1028.1"
"Kustavi Isokari","2023","4","7","14:00","2.2","2.8","1.8","96","4.8","5.4","351","6.3","0","1028.4"
"Kustavi Isokari","2023","4","7","15:00","2.2","2.6","2","94","5.5","6.1","338","7.8","0","1028.5"
"Kustavi Isokari","2023","4","7","16:00","2.4","2.6","2.2","93","6.2","6.8","342","8.4","0","1028.5"
"Kustavi Isokari","2023","4","7","17:00","2.8","3.1","2.4","90","5.8","6.6","354","7.9","0","1028.4"
"Kustavi Isokari","2023","4","7","18:00","2.4","2.9","2.1","92","5.6","6.5","356","8.4","0","1028.3"
"Kustavi Isokari","2023","4","7","19:00","1.9","2.4","1.6","95","5.2","5.7","2","7.1","0","1028.2"
"Kustavi Isokari","2023","4","7","20:00","1.7","1.9","1.3","95","5.8","6","354","7.5","0","1028.4"
"Kustavi Isokari","2023","4","7","21:00","1.3","1.4","1.2","96","6.4","7","352","8.4","0","1029"
"Kustavi Isokari","2023","4","7","22:00","1.2","1.4","1","98","6.7","6.9","359","8.8","0","1029.4"
"Kustavi Isokari","2023","4","7","23:00","1.3","1.4","1.3","96","6.3","7","358","8.8","0","1029.7"
"Kustavi Isokari","2023","4","8","00:00","1.1","1.3","1","97","5.7","6.1","3","7.5","0","1030"
"Kustavi Isokari","2023","4","8","01:00","1","1","0.9","97","5.4","5.9","9","7","0","1030.3"
"Kustavi Isokari","2023","4","8","02:00","1","1.2","0.9","96","5","5.2","9","6.5","0","1030.6"
"Kustavi Isokari","2023","4","8","03:00","1.1","1.3","0.9","96","4.9","5.1","13","6.2","0","1030.5"
"Kustavi Isokari","2023","4","8","04:00","0.8","1","0.6","96","4.7","5","8","5.7","0","1030.5"
"Kustavi Isokari","2023","4","8","05:00","0.7","0.9","0.6","94","5.4","6.1","4","7.6","0","1030.6"
"Kustavi Isokari","2023","4","8","06:00","0.7","0.9","0.6","91","5.8","6","360","7.2","0","1030.6"
"Kustavi Isokari","2023","4","8","07:00","0.6","0.7","0.5","89","5.2","5.8","360","7","0","1030.7"
"Kustavi Isokari","2023","4","8","08:00","0.8","1","0.6","89","5.2","5.4","354","6.7","0","1030.8"
"Kustavi Isokari","2023","4","8","09:00","1.3","1.6","1","90","5","5.4","354","6.4","0","1030.8"
"Kustavi Isokari","2023","4","8","10:00","1.9","2.5","1.6","84","4.6","5","356","6.3","0","1031.1"
"Kustavi Isokari","2023","4","8","11:00","2.1","2.6","1.6","83","4.3","4.9","353","6.2","0","1031.3"
"Kustavi Isokari","2023","4","8","12:00","2.8","3.4","2.4","82","4.6","5.2","348","6.4","0","1031.4"
"Kustavi Isokari","2023","4","8","13:00","2.6","3.1","2.2","84","5","5.3","339","6.4","0","1031.3"
"Kustavi Isokari","2023","4","8","14:00","3","3.5","2.3","81","5.6","6.4","339","7.9","0","1031"
"Kustavi Isokari","2023","4","8","15:00","3.4","3.9","2.9","77","6.1","6.6","345","8.3","0","1030.8"
"Kustavi Isokari","2023","4","8","16:00","3.9","4.3","3.5","70","6.2","6.8","341","8.5","0","1030.6"
"Kustavi Isokari","2023","4","8","17:00","3.9","4.1","3.6","68","6.4","6.8","341","8.9","0","1030.4"
"Kustavi Isokari","2023","4","8","18:00","3.5","3.9","3.1","72","5.3","6","339","7.7","0","1030.1"
"Kustavi Isokari","2023","4","8","19:00","3.1","3.6","2.7","72","5.5","6.3","335","8.2","0","1029.8"
"Kustavi Isokari","2023","4","8","20:00","2.3","2.9","2","76","5.7","6","335","8.1","0","1029.7"
"Kustavi Isokari","2023","4","8","21:00","1.9","2.1","1.8","83","5.6","5.9","334","7.2","0","1029.7"
"Kustavi Isokari","2023","4","8","22:00","1.8","1.9","1.6","86","5.3","5.8","333","7.6","0","1029.9"
"Kustavi Isokari","2023","4","8","23:00","1.4","1.6","1.2","89","5.4","6","342","7.4","0","1029.8"
"Kustavi Isokari","2023","4","9","00:00","1.3","1.4","1.2","91","5.4","5.6","345","6.7","0","1029.7"
"Kustavi Isokari","2023","4","9","01:00","1.4","1.4","1.3","90","5.3","5.7","349","6.8","0","1029.8"
"Kustavi Isokari","2023","4","9","02:00","1.5","1.6","1.3","89","4.9","5.2","353","6.3","0","1029.7"
"Kustavi Isokari","2023","4","9","03:00","1.5","1.7","1.4","88","5.1","5.3","355","6.6","0","1029.7"
"Kustavi Isokari","2023","4","9","04:00","1.4","1.5","1.3","90","5.5","5.7","339","7.3","0","1029.5"
"Kustavi Isokari","2023","4","9","05:00","1.3","1.5","1.2","91","5.6","5.8","339","6.8","0","1029.4"
"Kustavi Isokari","2023","4","9","06:00","1.2","1.3","1.2","91","5.2","5.5","344","6.3","0","1029.2"
"Kustavi Isokari","2023","4","9","07:00","1.1","1.2","0.9","92","4.8","5.1","346","5.9","0","1029.1"
"Kustavi Isokari","2023","4","9","08:00","1","1.4","0.8","93","4.1","4.9","356","5.6","0","1029.2"
"Kustavi Isokari","2023","4","9","09:00","1.5","1.7","1.4","92","3.2","3.7","31","4.5","0","1029.4"
"Kustavi Isokari","2023","4","9","10:00","2.2","2.7","1.8","80","1.7","2.7","26","2.9","0","1029.7"
"Kustavi Isokari","2023","4","9","11:00","3.3","4.5","2.4","74","1.7","2.1","3","2.9","0","1029.8"
"Kustavi Isokari","2023","4","9","12:00","4","4.3","3.7","69","2.1","2.4","27","3.1","0","1029.8"
"Kustavi Isokari","2023","4","9","13:00","4.8","5.6","4","68","2.9","3.3","356","5.9","0","1029.7"
"Kustavi Isokari","2023","4","9","14:00","4.8","6","3.5","73","3.7","4.5","345","6.8","0","1029.7"
"Kustavi Isokari","2023","4","9","15:00","4.4","5.3","3.6","76","3.9","4.6","344","6.2","0","1029.6"
"Kustavi Isokari","2023","4","9","16:00","4.9","5.7","4.2","70","5.1","5.7","354","7","0","1029.5"
"Kustavi Isokari","2023","4","9","17:00","4.8","5.5","4.1","71","4.8","5.6","348","7.2","0","1029.4"
"Kustavi Isokari","2023","4","9","18:00","3.7","4.6","3.1","79","4.2","4.5","329","5.7","0","1029.3"
"Kustavi Isokari","2023","4","9","19:00","2.8","3.3","2.5","86","4.3","5","328","6.3","0","1029.1"
"Kustavi Isokari","2023","4","9","20:00","2.4","2.5","2.2","89","3.7","4.3","333","5.2","0","1029.1"
"Kustavi Isokari","2023","4","9","21:00","2.1","2.2","2","90","3.7","4.1","332","4.6","0","1029.1"
"Kustavi Isokari","2023","4","9","22:00","2.2","2.3","2.1","90","4.2","4.6","334","5.2","0","1029.2"
"Kustavi Isokari","2023","4","9","23:00","2.4","2.5","2.2","88","4.3","4.8","346","5.2","0","1029.2"
"Kustavi Isokari","2023","4","10","00:00","2.3","2.6","1.9","89","3.7","4.2","333","4.9","0","1029.1"
"Kustavi Isokari","2023","4","10","01:00","1.8","2","1.5","92","4.3","5.2","305","6.2","0","1029"
"Kustavi Isokari","2023","4","10","02:00","1.6","1.8","1.5","94","4.9","5.2","305","5.9","0","1028.9"
"Kustavi Isokari","2023","4","10","03:00","1.5","1.7","1.4","94","5.1","5.2","306","5.9","0","1028.8"
"Kustavi Isokari","2023","4","10","04:00","1.4","1.6","1.3","95","5.2","5.5","303","6.5","0","1028.7"
"Kustavi Isokari","2023","4","10","05:00","1.4","1.6","1.3","93","5.2","5.6","317","6.5","0","1028.7"
"Kustavi Isokari","2023","4","10","06:00","1.5","1.7","1.3","92","4.7","5.6","321","6.1","0","1028.7"
"Kustavi Isokari","2023","4","10","07:00","1.1","1.3","0.9","94","4","4.4","329","5","0","1028.8"
"Kustavi Isokari","2023","4","10","08:00","1.3","1.7","1.1","94","3.2","3.8","333","4.1","0","1028.9"
"Kustavi Isokari","2023","4","10","09:00","2","2.2","1.7","92","2.9","3","332","4.1","0","1029.1"
"Kustavi Isokari","2023","4","10","10:00","2.3","2.7","2.1","91","2.6","2.9","321","3.8","0","1029.2"
"Kustavi Isokari","2023","4","10","11:00","2.8","3.2","2.3","88","2.1","3.1","311","3.7","0","1029.1"
"Kustavi Isokari","2023","4","10","12:00","2.9","3.5","2.4","86","2.5","3","304","3.8","0","1029.1"
"Kustavi Isokari","2023","4","10","13:00","3","3.4","2.5","87","3.5","3.8","306","4.3","0","1029"
"Kustavi Isokari","2023","4","10","14:00","3.6","4.5","2.7","83","2.6","3.8","317","4.4","0","1028.7"
"Kustavi Isokari","2023","4","10","15:00","3.8","4.6","3.1","81","2.3","2.7","322","3.4","0","1028.4"
"Kustavi Isokari","2023","4","10","16:00","3.6","4.2","2.9","81","2.5","2.8","316","3.3","0","1027.8"
"Kustavi Isokari","2023","4","10","17:00","4.1","4.8","3.3","75","2.4","2.6","327","3.2","0","1027.1"
"Kustavi Isokari","2023","4","10","18:00","4.6","5.2","4.1","66","1.9","2.3","344","2.9","0","1026.4"
"Kustavi Isokari","2023","4","10","19:00","4.4","5","4.1","65","1.8","2","2","2.6","0","1025.5"
"Kustavi Isokari","2023","4","10","20:00","3.5","4.4","2.7","70","2.5","2.9","13","3.1","0","1024.6"
"Kustavi Isokari","2023","4","10","21:00","2.8","3.1","2.5","73","3.3","4","16","4.5","0","1023.9"
"Kustavi Isokari","2023","4","10","22:00","2.5","2.7","2.3","79","3.1","3.9","48","4.2","0","1023.4"
"Kustavi Isokari","2023","4","10","23:00","3","3.3","2.6","72","2.8","3.2","68","3.5","0","1022.8"
"Kustavi Isokari","2023","4","11","00:00","2","2.9","1.2","80","2.6","3.1","87","3.6","0","1022.2"
"Kustavi Isokari","2023","4","11","01:00","1.1","1.6","0.6","89","3.8","4.7","97","4.9","0","1021.7"
"Kustavi Isokari","2023","4","11","02:00","1.3","1.5","1","86","4.9","5.3","110","5.5","0","1021"
"Kustavi Isokari","2023","4","11","03:00","1.7","2.1","1.4","84","5","5.3","115","5.7","0","1020.2"
"Kustavi Isokari","2023","4","11","04:00","1.9","2.1","1.5","84","4.8","5.5","116","5.8","0","1019.7"
"Kustavi Isokari","2023","4","11","05:00","1.5","1.6","1.3","87","4","4.3","117","4.8","0","1019"
"Kustavi Isokari","2023","4","11","06:00","1.5","1.8","1.3","83","4.2","5.1","100","5.5","0","1018.3"
"Kustavi Isokari","2023","4","11","07:00","1.6","1.8","1.4","83","5.5","5.8","101","6","0","1017.6"
"Kustavi Isokari","2023","4","11","08:00","1.6","1.8","1.5","83","5.1","5.9","93","6.1","0","1017"
"Kustavi Isokari","2023","4","11","09:00","2","2.4","1.8","81","4.7","5.7","92","6.1","0","1016.6"
"Kustavi Isokari","2023","4","11","10:00","2.8","3.5","2.3","76","5.9","6.8","103","7.3","0","1016.1"
"Kustavi Isokari","2023","4","11","11:00","3.2","4.1","2.6","76","5.1","5.4","103","6","0","1015.7"
"Kustavi Isokari","2023","4","11","12:00","4.4","5","3.7","72","5.5","5.9","96","6.3","0","1015.2"
"Kustavi Isokari","2023","4","11","13:00","5.6","6.3","4.7","67","5.6","6.2","108","6.6","0","1014.7"
"Kustavi Isokari","2023","4","11","14:00","6.8","7.9","6","63","4.2","5","137","5.3","0","1014.2"
"Kustavi Isokari","2023","4","11","15:00","6.9","8","6","63","4.6","6.4","160","7.8","0","1013.9"
"Kustavi Isokari","2023","4","11","16:00","6.6","7.5","5.6","68","8","8.6","163","8.9","0","1013.7"
"Kustavi Isokari","2023","4","11","17:00","6.1","7.2","5.4","72","6.3","8.4","167","9.6","0","1013.7"
"Kustavi Isokari","2023","4","11","18:00","6.5","7.7","6.1","70","7.1","9.1","166","9.8","0","1013.6"
"Kustavi Isokari","2023","4","11","19:00","6.1","6.8","4.9","72","5.9","7.2","161","7.3","0","1013.5"
"Kustavi Isokari","2023","4","11","20:00","4.8","5.8","3.8","79","5.1","5.8","140","6.4","0","1013.2"
"Kustavi Isokari","2023","4","11","21:00","4.9","5.6","4.3","77","5.1","6.4","133","7.1","0","1013.3"
"Kustavi Isokari","2023","4","11","22:00","4.8","5.5","4.2","79","5.5","5.7","118","5.9","0","1013.4"
"Kustavi Isokari","2023","4","11","23:00","4.1","4.8","3.6","83","5.7","6","113","6.1","0","1013.4"
"Kustavi Isokari","2023","4","12","00:00","3.7","4","3.3","84","6.3","6.9","120","7.1","0","1013.3"
"Kustavi Isokari","2023","4","12","01:00","3.6","4.1","3.2","83","6.5","6.7","122","7","0","1013.4"
"Kustavi Isokari","2023","4","12","02:00","3.7","4.2","3.4","80","5.9","6.3","111","6.9","0","1013.3"
"Kustavi Isokari","2023","4","12","03:00","3.6","3.8","3.2","81","7.5","8.1","109","8.3","0","1013.1"
"Kustavi Isokari","2023","4","12","04:00","3.4","3.6","3.3","83","7","7.9","111","8.2","0","1013"
"Kustavi Isokari","2023","4","12","05:00","3.4","3.6","3.1","85","5.3","5.8","101","6.5","0","1012.9"
"Kustavi Isokari","2023","4","12","06:00","3.7","4","3.3","86","6.2","7","103","7.4","0.2","1012.7"
"Kustavi Isokari","2023","4","12","07:00","3.5","4.2","3.2","87","6.5","6.9","98","7.2","0","1012.6"
"Kustavi Isokari","2023","4","12","08:00","3.5","3.9","3.2","88","6.6","6.9","98","7.4","0","1012.7"
"Kustavi Isokari","2023","4","12","09:00","3.8","4.1","3.3","88","7.7","8.2","108","8.4","0","1012.8"
"Kustavi Isokari","2023","4","12","10:00","4.5","5.4","3.9","86","7.3","7.5","115","7.7","0","1013"
"Kustavi Isokari","2023","4","12","11:00","5.8","6.3","5.2","82","6.3","7.5","120","7.7","0","1013.1"
"Kustavi Isokari","2023","4","12","12:00","6.2","7.4","5.5","80","5.2","5.8","129","6.4","0","1013.3"
"Kustavi Isokari","2023","4","12","13:00","7.8","9.3","7.1","75","4.1","4.8","143","5.7","0","1013.5"
"Kustavi Isokari","2023","4","12","14:00","7.1","7.7","6.3","77","6.4","7.5","156","7.8","0","1013.6"
"Kustavi Isokari","2023","4","12","15:00","7.5","8.6","5.9","75","6.5","7.4","156","7.5","0","1013.6"
"Kustavi Isokari","2023","4","12","16:00","8.4","9.3","7.3","71","6.3","7","164","7.6","0","1013.5"
"Kustavi Isokari","2023","4","12","17:00","8.8","9.4","7.8","69","5","6.7","162","7","0","1013.3"
"Kustavi Isokari","2023","4","12","18:00","9.3","10.3","8.4","67","5.4","5.8","163","6.4","0","1013.2"
"Kustavi Isokari","2023","4","12","19:00","9.6","10.1","9.2","66","4.7","5.5","153","5.7","0","1013.2"
"Kustavi Isokari","2023","4","12","20:00","8.5","10.5","6.8","69","4.2","4.6","109","6","0","1013.2"
"Kustavi Isokari","2023","4","12","21:00","9","11.1","6.6","66","5.6","7.1","80","8.5","0","1013.5"
"Kustavi Isokari","2023","4","12","22:00","7.2","9.1","6","74","8.1","8.5","74","9.4","0","1013.7"
"Kustavi Isokari","2023","4","12","23:00","6.2","6.8","5.5","80","8.3","8.7","71","9.5","0","1013.8"
"Kustavi Isokari","2023","4","13","00:00","6.5","7.7","5.4","79","9.1","10.5","95","11","0","1014.3"
"Kustavi Isokari","2023","4","13","01:00","6.1","6.9","5.5","80","10.3","11","77","11.5","0","1014.4"
"Kustavi Isokari","2023","4","13","02:00","6.3","7","5.8","83","10.1","10.5","105","12","0.4","1014.5"
"Kustavi Isokari","2023","4","13","03:00","6","8","4.9","87","11.6","14.2","93","16.8","0.7","1014.3"
"Kustavi Isokari","2023","4","13","04:00","5.4","6.5","4.7","88","9.6","11.2","81","11.7","0","1014.1"
"Kustavi Isokari","2023","4","13","05:00","5.6","6.2","5","84","11.7","13.1","72","15","0.1","1013.8"
"Kustavi Isokari","2023","4","13","06:00","5","5.3","4.6","81","10.6","12.4","72","12.5","0","1013.7"
"Kustavi Isokari","2023","4","13","07:00","4.7","4.9","4.6","79","9.8","10.3","85","11.2","0","1013.8"
"Kustavi Isokari","2023","4","13","08:00","4.9","5.3","4.6","74","10.3","11.6","86","12.7","0","1014"
"Kustavi Isokari","2023","4","13","09:00","5.4","5.7","5.1","68","11.3","11.6","88","12.6","0","1014.4"
"Kustavi Isokari","2023","4","13","10:00","5.7","5.9","5.5","64","12","12.5","86","14.2","0","1014.8"
"Kustavi Isokari","2023","4","13","11:00","5.5","5.6","5.4","65","12.2","12.6","81","13.9","0","1015.2"
"Kustavi Isokari","2023","4","13","12:00","5.9","6.3","5.6","66","12.2","12.8","82","14.1","0","1015.6"
"Kustavi Isokari","2023","4","13","13:00","6.1","6.4","5.7","66","10.8","12.2","93","14.3","0","1016.1"
"Kustavi Isokari","2023","4","13","14:00","6.5","6.9","6.2","65","11.3","12.1","94","13.4","0","1016.3"
"Kustavi Isokari","2023","4","13","15:00","7","8","6.3","62","12.6","14.1","97","15.4","0","1016.7"
"Kustavi Isokari","2023","4","13","16:00","7.5","8","7","59","12.5","14.1","96","15.3","0","1016.8"
"Kustavi Isokari","2023","4","13","17:00","7.5","8.3","6.7","59","11.5","12","90","13.8","0","1017"
"Kustavi Isokari","2023","4","13","18:00","7.9","8.4","7.3","57","12","12.6","85","14.2","0","1016.8"
"Kustavi Isokari","2023","4","13","19:00","7.7","8.4","7.2","57","12.6","13.5","84","15","0","1017"
"Kustavi Isokari","2023","4","13","20:00","7.2","8.2","6.4","58","12.1","13.1","94","15.9","0","1017.4"
"Kustavi Isokari","2023","4","13","21:00","6.8","7.8","6","56","13.4","14.6","92","17","0","1018"
"Kustavi Isokari","2023","4","13","22:00","6","6.6","5.5","58","13.2","14.2","90","18.1","0","1018.7"
"Kustavi Isokari","2023","4","13","23:00","5.3","5.7","5.1","58","13","14.2","90","15.3","0","1019.2"
"Kustavi Isokari","2023","4","14","00:00","4.9","5.2","4.5","56","12.2","12.8","93","14.8","0","1019.6"
"Kustavi Isokari","2023","4","14","01:00","4.4","4.8","4.1","56","12.4","12.6","98","14.7","0","1020"
"Kustavi Isokari","2023","4","14","02:00","4","4.2","3.8","57","12.2","12.7","98","14.7","0","1020.2"
"Kustavi Isokari","2023","4","14","03:00","3.7","3.9","3.5","58","11.2","12.3","98","13.9","0","1020.5"
"Kustavi Isokari","2023","4","14","04:00","3.5","3.7","3.3","59","11.1","11.8","98","13.9","0","1020.7"
"Kustavi Isokari","2023","4","14","05:00","3.3","3.5","3.1","62","10.9","11.4","99","12.9","0","1020.8"
"Kustavi Isokari","2023","4","14","06:00","3","3.2","2.9","62","11.3","11.6","98","13.3","0","1021.1"
"Kustavi Isokari","2023","4","14","07:00","2.9","3","2.7","62","11","11.5","96","13.4","0","1021.4"
"Kustavi Isokari","2023","4","14","08:00","2.7","2.8","2.6","62","10.4","10.8","96","12.3","0","1021.8"
"Kustavi Isokari","2023","4","14","09:00","2.8","2.9","2.6","63","9.6","10.3","97","11.7","0","1022"
"Kustavi Isokari","2023","4","14","10:00","3","3.1","2.8","65","9.5","9.8","94","11.3","0","1022.1"
"Kustavi Isokari","2023","4","14","11:00","3.4","3.6","3.1","67","8.4","9.8","98","11.1","0","1022.5"
"Kustavi Isokari","2023","4","14","12:00","4.1","4.9","3.6","67","8.9","9.7","104","10.9","0","1022.6"
"Kustavi Isokari","2023","4","14","13:00","4.8","5.1","4.4","65","8.5","11.2","104","12.1","0","1022.7"
"Kustavi Isokari","2023","4","14","14:00","5.6","6","5.1","64","7.7","8.4","97","9.9","0","1022.8"
"Kustavi Isokari","2023","4","14","15:00","6","6.8","5.6","63","8.1","8.6","93","9.6","0","1022.7"
"Kustavi Isokari","2023","4","14","16:00","6.8","8","5.8","61","6","8.7","101","9.1","0","1022.7"
"Kustavi Isokari","2023","4","14","17:00","6.7","7.9","5.8","62","6.7","8.3","104","9.2","0","1022.6"
"Kustavi Isokari","2023","4","14","18:00","6.7","7.4","6.1","61","8.3","9.8","98","10.6","0","1022.6"
"Kustavi Isokari","2023","4","14","19:00","6.3","6.9","5.2","63","9","10.1","95","10.6","0","1022.7"
"Kustavi Isokari","2023","4","14","20:00","6","7","4.9","64","7.5","8.1","99","8.7","0","1022.9"
"Kustavi Isokari","2023","4","14","21:00","5.9","6.5","5.4","63","9.1","9.7","103","10.3","0","1023.3"
"Kustavi Isokari","2023","4","14","22:00","5.3","5.7","4.5","63","9","9.3","102","10.4","0","1024"
"Kustavi Isokari","2023","4","14","23:00","5.2","6","4.6","57","9.1","10.4","107","12.3","0","1024.5"
"Kustavi Isokari","2023","4","15","00:00","4.6","4.9","4.3","55","9.2","10.5","99","12.1","0","1024.8"
"Kustavi Isokari","2023","4","15","01:00","3.9","4.5","3.5","55","9.7","10.3","93","11.6","0","1024.9"
"Kustavi Isokari","2023","4","15","02:00","3.4","3.7","3.1","54","9.8","10.4","95","12.1","0","1024.9"
"Kustavi Isokari","2023","4","15","03:00","2.9","3.1","2.6","56","9.2","9.6","95","10.6","0","1024.9"
"Kustavi Isokari","2023","4","15","04:00","2.4","2.6","2.2","57","9.8","10.2","94","11.4","0","1024.8"
"Kustavi Isokari","2023","4","15","05:00","1.9","2.2","1.5","59","8.8","9.6","91","10.7","0","1025"
"Kustavi Isokari","2023","4","15","06:00","1.5","1.6","1.4","60","9","9.4","91","10.5","0","1025"
"Kustavi Isokari","2023","4","15","07:00","1.3","1.4","1.2","60","7.9","9","91","9.7","0","1025.4"
"Kustavi Isokari","2023","4","15","08:00","1.2","1.3","1.1","62","8.2","8.5","88","9.5","0","1025.6"
"Kustavi Isokari","2023","4","15","09:00","1.6","2.1","1.2","61","8.1","8.6","83","9.4","0","1025.8"
"Kustavi Isokari","2023","4","15","10:00","2.7","3.5","2","60","7.3","7.6","79","8.2","0","1025.9"
"Kustavi Isokari","2023","4","15","11:00","4.1","5.1","3.3","59","5.6","7.1","82","7.9","0","1026.2"
"Kustavi Isokari","2023","4","15","12:00","5.1","6.4","4.1","59","4","4.7","91","5.3","0","1026.3"
"Kustavi Isokari","2023","4","15","13:00","6.3","7.2","5.6","50","3.5","4.7","91","5","0","1026.1"
"Kustavi Isokari","2023","4","15","14:00","7.9","8.6","6.6","43","2.6","3.1","101","4.7","0","1026.2"
"Kustavi Isokari","2023","4","15","15:00","8.6","9.5","7.9","41","2.9","3.6","122","4","0","1026.4"
"Kustavi Isokari","2023","4","15","16:00","9.4","10.8","8.6","38","1.1","2","145","2","0","1026.4"
"Kustavi Isokari","2023","4","15","17:00","8.8","11","7.2","42","3","4.4","312","5.5","0","1026.3"
"Kustavi Isokari","2023","4","15","18:00","8.3","9.1","7.7","44","4.2","4.7","328","6","0","1026.2"
"Kustavi Isokari","2023","4","15","19:00","6.9","8.1","5.5","51","5.3","5.9","341","7.3","0","1026.1"
"Kustavi Isokari","2023","4","15","20:00","5.3","5.6","4.9","63","5.1","5.5","348","7.1","0","1026"
"Kustavi Isokari","2023","4","15","21:00","4.9","5.2","4.7","67","6.3","6.9","19","8","0","1026"
"Kustavi Isokari","2023","4","15","22:00","4.5","5.7","3.1","72","4.5","5.7","50","6.8","0","1026.5"
"Kustavi Isokari","2023","4","15","23:00","3.3","4","2.5","80","3.8","4.9","118","5.9","0","1026.9"
"Kustavi Isokari","2023","4","16","00:00","3.3","3.8","3","77","6.2","7","144","7.6","0","1027"
"Kustavi Isokari","2023","4","16","01:00","3","3.4","2.7","76","5","6.1","135","6.3","0","1027.1"
"Kustavi Isokari","2023","4","16","02:00","2.9","3.1","2.8","69","4.2","4.8","103","5.1","0","1027.3"
"Kustavi Isokari","2023","4","16","03:00","2.6","2.9","2.3","70","5.5","6","86","6.4","0","1027.2"
"Kustavi Isokari","2023","4","16","04:00","2.3","2.6","2.1","68","5.1","5.7","71","6.1","0","1027"
"Kustavi Isokari","2023","4","16","05:00","2","2.2","1.8","67","4.7","4.9","70","5.7","0","1026.9"
"Kustavi Isokari","2023","4","16","06:00","1.7","1.9","1.5","67","4.9","5.3","74","5.9","0","1026.5"
"Kustavi Isokari","2023","4","16","07:00","1.5","1.5","1.4","64","5","5.3","74","6.2","0","1026.5"
"Kustavi Isokari","2023","4","16","08:00","1.4","1.6","1.4","62","4.7","5.2","68","5.7","0","1026.5"
"Kustavi Isokari","2023","4","16","09:00","1.8","2.1","1.5","60","4.3","4.4","67","4.8","0","1026.5"
"Kustavi Isokari","2023","4","16","10:00","2.4","2.8","1.9","61","3.6","4.3","53","4.5","0","1026.4"
"Kustavi Isokari","2023","4","16","11:00","2.9","3.4","2.5","63","3.6","4","33","4.5","0","1026.5"
"Kustavi Isokari","2023","4","16","12:00","4.6","6.5","3.1","55","2.5","3.6","12","3.6","0","1026.4"
"Kustavi Isokari","2023","4","16","13:00","6.7","7.7","5.7","52","2.2","2.5","344","3.1","0","1026.4"
"Kustavi Isokari","2023","4","16","14:00","7.8","8.3","7.2","48","2.7","3.1","340","4.4","0","1026.4"
"Kustavi Isokari","2023","4","16","15:00","8.2","8.8","7.8","46","4.3","5","346","6.2","0","1026.4"
"Kustavi Isokari","2023","4","16","16:00","7.9","8.8","7.4","47","5.3","5.8","348","7","0","1026.3"
"Kustavi Isokari","2023","4","16","17:00","7.7","8.1","7.2","47","6","7","350","8.3","0","1026.2"
"Kustavi Isokari","2023","4","16","18:00","6","7.4","5.1","56","6","6.5","348","8.5","0","1026.1"
"Kustavi Isokari","2023","4","16","19:00","5.1","5.6","4.8","60","6.3","6.8","343","9.2","0","1026.1"
"Kustavi Isokari","2023","4","16","20:00","4.4","4.9","3.9","64","6.7","7.2","347","9.2","0","1026.2"
"Kustavi Isokari","2023","4","16","21:00","3.5","3.9","3.4","69","7.6","8.2","353","10.3","0","1026.2"
"Kustavi Isokari","2023","4","16","22:00","3.4","3.5","3.2","70","8.2","8.5","359","10.9","0","1026.5"
"Kustavi Isokari","2023","4","16","23:00","3.3","3.4","3.2","73","8.1","8.3","358","10","0","1026.7"
"Kustavi Isokari","2023","4","17","00:00","3.2","3.3","3.1","75","7.6","7.8","357","9.6","0","1026.8"
"Kustavi Isokari","2023","4","17","01:00","3","3.1","2.8","77","7.2","7.7","360","9.7","0","1027"
"Kustavi Isokari","2023","4","17","02:00","2.7","2.9","2.6","81","6.2","6.7","5","8.5","0","1027.1"
"Kustavi Isokari","2023","4","17","03:00","2.4","2.8","2.2","86","5.1","5.7","6","6.5","0","1027.4"
"Kustavi Isokari","2023","4","17","04:00","2.2","2.3","2","90","4.5","5.1","10","5.6","0","1027.4"
"Kustavi Isokari","2023","4","17","05:00","2","2.1","1.8","92","3.5","4.1","355","4.8","0","1027.7"
"Kustavi Isokari","2023","4","17","06:00","1.8","2.1","1.6","93","3.5","3.8","1","4.3","0","1027.8"
"Kustavi Isokari","2023","4","17","07:00","1.7","2.1","1.5","94","3.6","3.9","351","4.7","0","1028.2"
"Kustavi Isokari","2023","4","17","08:00","2.3","2.7","2.1","91","4.2","5.5","348","6.6","0","1028.8"
"Kustavi Isokari","2023","4","17","09:00","3.1","3.7","2.6","85","4.2","4.9","360","6.3","0","1029.2"
"Kustavi Isokari","2023","4","17","10:00","4","4.4","3.4","75","4.7","5","5","6.4","0","1029.7"
"Kustavi Isokari","2023","4","17","11:00","4.8","5.6","4.1","66","4.9","5.2","6","7.2","0","1030.1"
"Kustavi Isokari","2023","4","17","12:00","6","6.9","5.3","58","5.6","6.5","359","8.2","0","1030.5"
"Kustavi Isokari","2023","4","17","13:00","5.6","7.3","4.4","60","6.1","6.6","343","8.7","0","1030.9"
"Kustavi Isokari","2023","4","17","14:00","5.5","6.7","4.4","62","6.2","7.1","346","8.8","0","1031.1"
"Kustavi Isokari","2023","4","17","15:00","4.9","5.5","4.3","67","7","7.5","339","10.1","0","1031.5"
"Kustavi Isokari","2023","4","17","16:00","4.6","4.9","4.2","66","8.1","8.7","342","11.6","0","1031.7"
"Kustavi Isokari","2023","4","17","17:00","4.5","5.2","3.7","69","6.9","8.6","337","10.6","0","1031.9"
"Kustavi Isokari","2023","4","17","18:00","4","4.4","3.6","78","7.1","8","342","10.3","0","1032.1"
"Kustavi Isokari","2023","4","17","19:00","3.6","4.2","3.2","83","7.1","7.7","338","9.7","0","1032"
"Kustavi Isokari","2023","4","17","20:00","3.2","3.5","3.1","83","6.7","7.5","338","9.2","0","1032.2"
"Kustavi Isokari","2023","4","17","21:00","2.9","3.1","2.7","85","6.4","7.1","340","8.5","0","1032.3"
"Kustavi Isokari","2023","4","17","22:00","2.5","2.6","2.5","87","6.2","6.7","337","8.2","0","1032.6"
"Kustavi Isokari","2023","4","17","23:00","2.6","2.6","2.5","87","5.8","6","334","7.4","0","1032.7"
"Kustavi Isokari","2023","4","18","00:00","2.8","3.1","2.6","87","6.2","6.5","346","8.1","0","1032.7"
"Kustavi Isokari","2023","4","18","01:00","3.1","3.4","2.9","88","6.5","6.9","6","8.9","0","1033.2"
"Kustavi Isokari","2023","4","18","02:00","3.5","3.6","3.2","85","6.5","6.7","8","8.4","0","1033.6"
"Kustavi Isokari","2023","4","18","03:00","3.2","3.6","2.9","84","6.1","6.5","6","8.2","0","1033.9"
"Kustavi Isokari","2023","4","18","04:00","3","3.1","2.7","84","6.7","6.9","4","8.6","0","1034.1"
"Kustavi Isokari","2023","4","18","05:00","2.7","2.8","2.5","86","7.2","7.6","1","9.4","0","1034.5"
"Kustavi Isokari","2023","4","18","06:00","2.5","2.6","2.4","87","6.8","7.6","3","9.8","0","1034.7"
"Kustavi Isokari","2023","4","18","07:00","2.7","2.9","2.4","85","7.3","7.6","6","9.7","0","1034.9"
"Kustavi Isokari","2023","4","18","08:00","3.2","3.5","2.9","83","7.3","7.6","9","9.4","0","1035.4"
"Kustavi Isokari","2023","4","18","09:00","3.9","4.4","3.5","76","6.7","7.2","9","8.8","0","1035.7"
"Kustavi Isokari","2023","4","18","10:00","4.3","4.6","4","76","6.4","7.1","358","9","0","1036"
"Kustavi Isokari","2023","4","18","11:00","4.9","5.6","4.3","73","6.3","6.7","350","8.5","0","1036.2"
"Kustavi Isokari","2023","4","18","12:00","4.7","5.1","4.3","75","7","7.8","341","9.9","0","1036.1"
"Kustavi Isokari","2023","4","18","13:00","4.8","5.2","4.5","75","7.7","8.6","343","10.8","0","1035.9"
"Kustavi Isokari","2023","4","18","14:00","5.3","5.9","4.8","73","8.4","8.9","345","11.5","0","1035.6"
"Kustavi Isokari","2023","4","18","15:00","5.6","6","5.2","71","9.6","10.1","344","13","0","1035.4"
"Kustavi Isokari","2023","4","18","16:00","6","6.4","5.7","69","9.5","10.2","345","13.5","0","1035.3"
"Kustavi Isokari","2023","4","18","17:00","6","6.2","5.8","68","10.5","11.3","346","15.5","0","1035.1"
"Kustavi Isokari","2023","4","18","18:00","5.9","6.2","5.6","68","9.8","10.5","348","13.8","0","1035.2"
"Kustavi Isokari","2023","4","18","19:00","5.7","6","5","70","8.8","9.2","357","12.6","0","1035.3"
"Kustavi Isokari","2023","4","18","20:00","4.8","5.1","4.5","76","8.7","9.6","359","12.4","0","1035.4"
"Kustavi Isokari","2023","4","18","21:00","4.3","4.5","4.1","79","8.6","9.1","359","11.4","0","1035.6"
"Kustavi Isokari","2023","4","18","22:00","3.9","4.1","3.7","83","8.1","9.4","4","11.3","0","1035.9"
"Kustavi Isokari","2023","4","18","23:00","3.8","3.9","3.7","85","6.9","7.6","11","8.9","0","1036.3"
"Kustavi Isokari","2023","4","19","00:00","4","4.2","3.8","84","6.4","6.7","13","7.8","0","1036.6"
"Kustavi Isokari","2023","4","19","01:00","4","4.2","3.8","84","6.6","7.2","14","8.3","0","1036.8"
"Kustavi Isokari","2023","4","19","02:00","4","4.3","3.6","81","7.1","7.9","30","8.4","0","1037.1"
"Kustavi Isokari","2023","4","19","03:00","4.6","5","4","69","6.3","6.8","39","7.3","0","1037.1"
"Kustavi Isokari","2023","4","19","04:00","4.3","4.7","3.7","69","5.5","6.1","45","6.7","0","1037.1"
"Kustavi Isokari","2023","4","19","05:00","3.6","3.7","3.5","74","5.7","6.3","59","6.6","0","1037.1"
"Kustavi Isokari","2023","4","19","06:00","3.4","3.6","3.1","74","5.9","6.7","60","7","0","1037"
"Kustavi Isokari","2023","4","19","07:00","3.4","3.7","3.1","74","3.5","4.4","59","4.6","0","1036.9"
"Kustavi Isokari","2023","4","19","08:00","3.6","3.8","3.3","72","3.7","4.2","36","4.5","0","1037"
"Kustavi Isokari","2023","4","19","09:00","4","4.4","3.6","70","3.3","3.6","37","4","0","1037.2"
"Kustavi Isokari","2023","4","19","10:00","4.3","5.3","3.9","70","3.5","3.9","42","4.4","0","1037.4"
"Kustavi Isokari","2023","4","19","11:00","5.9","7.3","4.9","64","2.5","3.5","16","3.9","0","1037.4"
"Kustavi Isokari","2023","4","19","12:00","7.8","8.8","6.6","57","2.8","3","352","3.7","0","1037.1"
"Kustavi Isokari","2023","4","19","13:00","7.1","8.4","6.2","60","4.3","5.2","333","6.2","0","1036.8"
"Kustavi Isokari","2023","4","19","14:00","6.9","7.5","6.2","60","5.7","6.1","333","7.9","0","1036.4"
"Kustavi Isokari","2023","4","19","15:00","5.7","6.7","5.1","67","6.5","7.2","333","9.3","0","1036.1"
"Kustavi Isokari","2023","4","19","16:00","6.2","6.9","5.4","62","7.6","8.3","340","10.3","0","1035.6"
"Kustavi Isokari","2023","4","19","17:00","6","6.7","5.6","64","7.6","8.2","342","10.7","0","1035.1"
"Kustavi Isokari","2023","4","19","18:00","6","6.6","5.4","66","6.9","8.3","347","10.3","0","1034.9"
"Kustavi Isokari","2023","4","19","19:00","5.7","6.1","5.2","68","7.3","8.6","356","10.4","0","1034.5"
"Kustavi Isokari","2023","4","19","20:00","5","5.3","4.7","71","7.2","8.5","357","9.7","0","1034.1"
"Kustavi Isokari","2023","4","19","21:00","4.3","4.7","3.9","76","6.3","6.9","356","9","0","1034.1"
"Kustavi Isokari","2023","4","19","22:00","3.8","4.1","3.7","79","4.9","5.5","6","6.4","0","1034.2"
"Kustavi Isokari","2023","4","19","23:00","4.4","4.8","4","74","5.7","6.5","10","7.8","0","1034.2"
"Kustavi Isokari","2023","4","20","00:00","4","4.3","3.7","78","5","5.8","13","6.6","0","1034.2"
"Kustavi Isokari","2023","4","20","01:00","3.7","3.8","3.4","82","3.8","4.9","16","5.2","0","1034.3"
"Kustavi Isokari","2023","4","20","02:00","3.7","3.8","3.5","82","3","3.6","11","4.2","0","1034.1"
"Kustavi Isokari","2023","4","20","03:00","3.2","3.5","2.9","84","2.6","2.7","8","3.1","0","1033.8"
"Kustavi Isokari","2023","4","20","04:00","2.8","3.1","2.7","87","2.4","2.7","352","3.7","0","1033.5"
"Kustavi Isokari","2023","4","20","05:00","2.9","3","2.8","84","3","3.8","347","4.5","0","1033.3"
"Kustavi Isokari","2023","4","20","06:00","2.6","2.8","2.4","89","4.2","4.7","330","5.3","0","1033.1"
"Kustavi Isokari","2023","4","20","07:00","2.9","3.2","2.6","85","3.9","4.5","330","5.5","0","1032.8"
"Kustavi Isokari","2023","4","20","08:00","3.6","4","3.3","77","4.6","4.9","322","5.9","0","1032.6"
"Kustavi Isokari","2023","4","20","09:00","4.6","5","3.9","68","3.8","4.7","317","5.1","0","1032.5"
"Kustavi Isokari","2023","4","20","10:00","5.8","6.8","4.8","59","2.9","3.5","298","3.8","0","1032.4"
"Kustavi Isokari","2023","4","20","11:00","7.1","7.9","6.3","51","3.2","3.6","285","4.8","0","1032.3"
"Kustavi Isokari","2023","4","20","12:00","7.9","8.5","7.3","47","3.7","4.3","281","5.6","0","1032.1"
"Kustavi Isokari","2023","4","20","13:00","7.3","8.2","6.7","52","4.4","5.1","270","7","0","1031.8"
"Kustavi Isokari","2023","4","20","14:00","6.5","7.1","6","60","5.2","5.9","277","7.8","0","1031.5"
"Kustavi Isokari","2023","4","20","15:00","6.4","6.8","6","63","5","5.8","278","8.1","0","1031"
"Kustavi Isokari","2023","4","20","16:00","5.8","6.5","5.3","70","5.4","6","278","7.6","0","1030.3"
"Kustavi Isokari","2023","4","20","17:00","5.4","6","5.1","73","5.2","5.6","274","7","0","1029.7"
"Kustavi Isokari","2023","4","20","18:00","4.6","5.8","4.1","80","5","5.3","298","6.7","0","1029.2"
"Kustavi Isokari","2023","4","20","19:00","4.3","4.7","3.9","84","5.1","5.4","312","6.7","0","1028.7"
"Kustavi Isokari","2023","4","20","20:00","4.2","4.7","3.8","85","4.7","5","317","5.9","0","1028.3"
"Kustavi Isokari","2023","4","20","21:00","3.6","3.9","3.4","89","4.4","4.6","312","5.3","0","1028"
"Kustavi Isokari","2023","4","20","22:00","3.3","3.5","3.1","91","4.4","4.8","321","5.4","0","1027.8"
"Kustavi Isokari","2023","4","20","23:00","3.1","3.2","3","93","4.6","4.9","320","5.3","0","1027.5"
"Kustavi Isokari","2023","4","21","00:00","3.1","3.2","3","92","5.2","5.4","309","5.7","0","1027.2"
"Kustavi Isokari","2023","4","21","01:00","3.2","3.5","2.7","90","4.8","5.4","301","5.9","0","1026.9"
"Kustavi Isokari","2023","4","21","02:00","3.3","3.5","3","90","5.3","6.1","303","7.7","0","1026.4"
"Kustavi Isokari","2023","4","21","03:00","3.7","3.8","3.5","88","6.9","7.2","312","8.5","0","1026"
"Kustavi Isokari","2023","4","21","04:00","3.8","3.9","3.5","87","5.9","6.6","309","7.2","0","1025.7"
"Kustavi Isokari","2023","4","21","05:00","4.3","4.8","3.7","85","5.8","6.1","305","7.9","0","1025.2"
"Kustavi Isokari","2023","4","21","06:00","4.1","4.4","3.9","86","6.1","7.2","308","9","0","1024.9"
"Kustavi Isokari","2023","4","21","07:00","4","4.5","3.8","87","6.7","7.5","321","8.5","0","1024.6"
"Kustavi Isokari","2023","4","21","08:00","4.7","5.2","4.3","83","6.8","7.5","323","8.7","0","1024.1"
"Kustavi Isokari","2023","4","21","09:00","5","5.2","4.7","81","6.1","6.6","326","8","0","1023.9"
"Kustavi Isokari","2023","4","21","10:00","5.1","5.3","4.9","80","5.5","5.9","323","7.8","0","1023.7"
"Kustavi Isokari","2023","4","21","11:00","5.1","5.3","4.8","81","5.4","5.8","316","7.7","0","1023.2"
"Kustavi Isokari","2023","4","21","12:00","5","5.6","4.4","81","5.8","6.6","313","8.3","0","1023"
"Kustavi Isokari","2023","4","21","13:00","5","5.6","4.5","82","6.1","6.4","315","8.9","0","1022.7"
"Kustavi Isokari","2023","4","21","14:00","5.2","5.8","4.7","81","5.3","5.8","319","7.4","0","1022.3"
"Kustavi Isokari","2023","4","21","15:00","5.6","6.2","5.2","78","4.9","5.5","330","7.6","0","1022"
"Kustavi Isokari","2023","4","21","16:00","5.4","5.9","5","79","4.9","5.3","321","7","0","1021.5"
"Kustavi Isokari","2023","4","21","17:00","5.1","5.6","4.6","81","5.2","5.5","311","7.1","0","1020.9"
"Kustavi Isokari","2023","4","21","18:00","4.9","5.4","4.5","82","5.1","5.5","309","6.7","0","1020.5"
"Kustavi Isokari","2023","4","21","19:00","4.5","4.7","4.2","85","5.3","5.8","309","7.3","0","1019.9"
"Kustavi Isokari","2023","4","21","20:00","4.2","4.5","3.9","87","5","5.3","311","6.9","0","1019.3"
"Kustavi Isokari","2023","4","21","21:00","3.9","4.1","3.5","88","4.2","5","311","5.9","0","1018.8"
"Kustavi Isokari","2023","4","21","22:00","3.4","3.6","3","89","3.3","3.9","310","4.5","0","1018.4"
"Kustavi Isokari","2023","4","21","23:00","3","3.1","2.7","92","4.7","5.1","293","5.8","0","1018"
"Kustavi Isokari","2023","4","22","00:00","3.2","3.4","3","91","5.5","6.1","295","6.9","0","1017.4"
"Kustavi Isokari","2023","4","22","01:00","3.4","3.6","3.2","90","5.8","6.2","305","7","0","1017.1"
"Kustavi Isokari","2023","4","22","02:00","3.1","3.6","2.9","91","2.5","6.1","319","5.9","0","1016.8"
"Kustavi Isokari","2023","4","22","03:00","2.8","3.3","2.3","90","3.1","3.6","290","4.6","0","1016.5"
"Kustavi Isokari","2023","4","22","04:00","2.7","3","2.2","91","4.3","4.9","287","5.8","0","1016.1"
"Kustavi Isokari","2023","4","22","05:00","3.1","3.5","2.9","91","5.2","5.7","294","7.1","0","1015.9"
"Kustavi Isokari","2023","4","22","06:00","3.3","3.7","2.9","89","5.5","6.1","292","7.8","0","1015.5"
"Kustavi Isokari","2023","4","22","07:00","4.1","4.8","3.4","84","4.6","5.1","274","6.2","0","1015.1"
"Kustavi Isokari","2023","4","22","08:00","4.9","5.5","4.4","82","3.8","4.5","257","5.2","0","1014.7"
"Kustavi Isokari","2023","4","22","09:00","5.8","6.4","5.3","77","2.6","3.6","270","5.1","0","1014.7"
"Kustavi Isokari","2023","4","22","10:00","6.4","7.1","5.9","73","1.8","2","272","2.8","0","1014.4"
"Kustavi Isokari","2023","4","22","11:00","7.2","8","6.2","70","1.4","2.1","253","3","0","1014.1"
"Kustavi Isokari","2023","4","22","12:00","7.1","7.9","5.9","69","2.3","2.9","278","3.9","0","1014"
"Kustavi Isokari","2023","4","22","13:00","8.5","9.7","7","59","0.9","2","35","2","0","1013.7"
"Kustavi Isokari","2023","4","22","14:00","8.5","9.2","7.7","59","1.1","1.3","93","1.5","0","1013.3"
"Kustavi Isokari","2023","4","22","15:00","8.3","10","7.2","60","1.5","2","103","2.2","0","1012.9"
"Kustavi Isokari","2023","4","22","16:00","8.6","9.2","7.5","58","1.9","2.3","137","2.4","0","1012.5"
"Kustavi Isokari","2023","4","22","17:00","8.6","9.5","8","68","2.6","3.9","151","4.5","0","1012.1"
"Kustavi Isokari","2023","4","22","18:00","8.1","8.6","7.6","76","3.4","3.9","166","4.5","0","1011.7"
"Kustavi Isokari","2023","4","22","19:00","7.3","8.1","6.7","78","4.2","5.1","166","5.6","0","1011.4"
"Kustavi Isokari","2023","4","22","20:00","6.7","7","6.5","78","5.5","5.8","159","7.1","0","1010.9"
"Kustavi Isokari","2023","4","22","21:00","6","6.5","5.6","81","5.9","6.9","160","7.4","0","1010.5"
"Kustavi Isokari","2023","4","22","22:00","5.5","5.7","5.3","84","5.1","5.8","154","6.2","0","1010.3"
"Kustavi Isokari","2023","4","22","23:00","5.4","5.7","5.1","85","6.7","8.5","160","9","0","1010.2"
"Kustavi Isokari","2023","4","23","00:00","5.2","5.6","4.6","85","4.4","7.5","120","7.6","0","1010.3"
"Kustavi Isokari","2023","4","23","01:00","5.4","5.9","5.1","83","4.4","5.5","111","5.9","0","1010.2"
"Kustavi Isokari","2023","4","23","02:00","4.9","5.5","4.5","87","4.6","5.6","110","6.1","0","1009.9"
"Kustavi Isokari","2023","4","23","03:00","4.6","4.9","4.4","88","5.2","6.1","108","6.3","0","1009.7"
"Kustavi Isokari","2023","4","23","04:00","4.3","4.6","4.2","88","5.4","5.8","94","6","0","1009.4"
"Kustavi Isokari","2023","4","23","05:00","4.3","4.5","4.1","89","6.1","6.6","90","7","0","1008.9"
"Kustavi Isokari","2023","4","23","06:00","4.1","4.2","4","90","6.5","7","105","7.4","0","1008.5"
"Kustavi Isokari","2023","4","23","07:00","4.1","4.3","3.9","91","6.6","7.3","122","8.1","0","1008"
"Kustavi Isokari","2023","4","23","08:00","4.7","5.2","4.2","89","5.4","5.6","148","6.3","0","1007.6"
"Kustavi Isokari","2023","4","23","09:00","5.4","6.4","4.7","85","5","6.8","166","7.4","0","1007.6"
"Kustavi Isokari","2023","4","23","10:00","5.7","6.2","5.2","83","3.6","6","145","7.3","0","1007.7"
"Kustavi Isokari","2023","4","23","11:00","6","6.4","5.6","83","7.9","8.9","153","9.8","0","1007.2"
"Kustavi Isokari","2023","4","23","12:00","6.2","6.6","5.9","83","10","10.5","153","11.5","0","1006.8"
"Kustavi Isokari","2023","4","23","13:00","6.2","6.7","5.9","83","9.8","10.2","160","11.1","0","1006.8"
"Kustavi Isokari","2023","4","23","14:00","6","6.5","5.6","84","9.8","10.8","160","12","0","1006.5"
"Kustavi Isokari","2023","4","23","15:00","6.8","7.8","6","79","9.7","10.5","171","11.2","0","1006.4"
"Kustavi Isokari","2023","4","23","16:00","6.9","7.4","6.3","78","7.9","8.8","171","9.3","0","1006.4"
"Kustavi Isokari","2023","4","23","17:00","6.9","7.2","6.6","77","9.9","11.2","159","11.9","0","1005.7"
"Kustavi Isokari","2023","4","23","18:00","6.7","7.4","6.2","77","10","11.1","158","11.7","0","1004.9"
"Kustavi Isokari","2023","4","23","19:00","6.7","7","6.4","79","9.3","10","157","10.2","0","1004.1"
"Kustavi Isokari","2023","4","23","20:00","6.5","6.8","6.1","80","9.9","10.5","159","11.3","0","1003.3"
"Kustavi Isokari","2023","4","23","21:00","6.4","6.6","6.1","81","9.4","10.5","156","10.9","0","1002.6"
"Kustavi Isokari","2023","4","23","22:00","6.3","6.6","6","82","10","10.7","156","11.3","0","1002"
"Kustavi Isokari","2023","4","23","23:00","6.1","6.7","5.8","83","9.2","10.2","155","10.9","0","1001.4"
"Kustavi Isokari","2023","4","24","00:00","5.8","6.3","5.4","85","9.6","10.2","161","11.1","0.1","1001"
"Kustavi Isokari","2023","4","24","01:00","5.3","5.5","4.9","92","7.7","9.9","140","10.7","1.6","999.7"
"Kustavi Isokari","2023","4","24","02:00","5.4","5.7","5","93","9.4","11","153","12.4","0.2","999.1"
"Kustavi Isokari","2023","4","24","03:00","5","5.4","4.8","93","7.7","9.5","183","9.6","0.4","998.8"
"Kustavi Isokari","2023","4","24","04:00","4.5","5.2","3.6","97","6.8","7.7","230","10","0.3","998.6"
"Kustavi Isokari","2023","4","24","05:00","3.3","3.5","3.2","99","6.8","7.4","244","10.2","0","999.3"
"Kustavi Isokari","2023","4","24","06:00","3","3.2","3","100","6.9","8.3","259","10.9","0","1000.2"
"Kustavi Isokari","2023","4","24","07:00","2.9","3.1","2.6","99","6.7","8.4","264","10.7","0","1000.9"
"Kustavi Isokari","2023","4","24","08:00","2.6","2.8","2.2","99","8.4","9.4","281","11.5","0","1001.8"
"Kustavi Isokari","2023","4","24","09:00","2.3","2.6","2","99","8.3","9.3","301","11.5","0","1002.5"
"Kustavi Isokari","2023","4","24","10:00","1.9","2.1","1.7","99","6.6","7.6","305","9.3","0","1003.8"
"Kustavi Isokari","2023","4","24","11:00","1.9","2.1","1.7","97","6.3","6.8","309","8.5","0","1004.7"
"Kustavi Isokari","2023","4","24","12:00","1.9","2.3","1.7","95","6.1","6.8","317","8.1","0","1005.4"
"Kustavi Isokari","2023","4","24","13:00","2.2","2.5","1.9","92","4.7","5.8","323","7","0","1006.1"
"Kustavi Isokari","2023","4","24","14:00","2.2","2.6","1.9","89","4.8","5.3","310","6.5","0","1006.8"
"Kustavi Isokari","2023","4","24","15:00","2.4","2.8","2.1","88","4.5","5","318","6.5","0","1007.4"
"Kustavi Isokari","2023","4","24","16:00","2.4","2.7","2.2","86","4.5","4.8","335","6.5","0","1007.7"
"Kustavi Isokari","2023","4","24","17:00","2.3","3.1","1.9","85","4.1","5","354","6.6","0","1007.7"
"Kustavi Isokari","2023","4","24","18:00","2.1","2.3","1.8","86","4","4.4","354","6.2","0","1007.5"
"Kustavi Isokari","2023","4","24","19:00","2","2.2","1.8","87","3.8","4.4","360","5.7","0","1007.3"
"Kustavi Isokari","2023","4","24","20:00","1.7","2","1.6","88","3.9","4.5","6","6.2","0","1007.2"
"Kustavi Isokari","2023","4","24","21:00","1.6","1.8","1.4","90","4.6","5.5","11","7.2","0","1006.8"
"Kustavi Isokari","2023","4","24","22:00","1.6","1.7","1.5","90","3.8","4.9","28","7.2","0","1006.9"
"Kustavi Isokari","2023","4","24","23:00","1.8","1.9","1.6","90","1.9","2.4","17","3.4","0","1007.1"
"Kustavi Isokari","2023","4","25","00:00","1.8","1.9","1.7","91","2","2.3","16","3.6","0","1006.7"
"Kustavi Isokari","2023","4","25","01:00","1.9","2.2","1.8","92","3.3","4.5","50","5.6","0","1006.2"
"Kustavi Isokari","2023","4","25","02:00","2.1","2.2","1.9","94","5.4","5.7","64","6.8","0","1005.7"
"Kustavi Isokari","2023","4","25","03:00","2","2.2","1.9","96","5.6","6","62","6.9","0","1005.1"
"Kustavi Isokari","2023","4","25","04:00","2.4","2.6","2","96","5.1","5.5","61","6.5","0","1004.4"
"Kustavi Isokari","2023","4","25","05:00","2.8","2.9","2.6","94","5.5","6.1","55","6.7","0","1003.7"
"Kustavi Isokari","2023","4","25","06:00","3","3","2.9","94","5.7","6.3","55","7.2","0","1002.6"
"Kustavi Isokari","2023","4","25","07:00","3","3.2","2.9","94","5.3","6.6","60","7.9","0.2","1001.9"
"Kustavi Isokari","2023","4","25","08:00","3.2","3.3","3.1","96","5.5","6.2","75","7.1","1.2","1001.5"
"Kustavi Isokari","2023","4","25","09:00","3.7","4.3","3.2","96","7.1","7.5","76","8.3","0.1","1000.8"
"Kustavi Isokari","2023","4","25","10:00","4.5","5","4.2","97","7.2","7.7","98","8.1","0","1000.1"
"Kustavi Isokari","2023","4","25","11:00","5.8","6.5","5","97","7.8","9.3","127","10","0","999.9"
"Kustavi Isokari","2023","4","25","12:00","6.2","6.5","5.8","96","8.7","9.3","142","9.8","0","999.9"
"Kustavi Isokari","2023","4","25","13:00","6.6","7.1","6.2","94","8.5","10.4","159","11.4","0","1000.2"
"Kustavi Isokari","2023","4","25","14:00","6.4","6.9","5.9","95","10","11.4","167","12.1","0","1000.5"
"Kustavi Isokari","2023","4","25","15:00","5.9","6.2","5.7","97","9.6","10.9","158","11.3","0","1000.9"
"Kustavi Isokari","2023","4","25","16:00","5.8","6.1","5.5","98","8.9","9.3","163","9.9","0","1001.2"
"Kustavi Isokari","2023","4","25","17:00","5.6","6.1","5.1","98","9.2","9.9","164","10.8","0.1","1001.3"
"Kustavi Isokari","2023","4","25","18:00","5.2","5.3","5","100","8.4","9.7","156","10.1","0","1001.3"
"Kustavi Isokari","2023","4","25","19:00","5.3","5.4","5.1","100","8.6","8.9","166","9.3","0.1","1001.6"
"Kustavi Isokari","2023","4","25","20:00","5","5.2","4.7","100","7","8","167","8.5","0","1001.8"
"Kustavi Isokari","2023","4","25","21:00","4.7","4.8","4.5","100","5.4","6.3","171","6.5","0.1","1001.9"
"Kustavi Isokari","2023","4","25","22:00","4.6","4.7","4.5","100","5.3","6","162","6.5","0.3","1002"
"Kustavi Isokari","2023","4","25","23:00","4.6","4.8","4.6","100","5.6","6.4","155","7.2","0.9","1002.2"
"Kustavi Isokari","2023","4","26","00:00","4.7","4.8","4.5","100","5.5","6.2","150","6.8","1.3","1002.2"
"Kustavi Isokari","2023","4","26","01:00","4.8","5","4.5","100","4.3","5.9","140","5.9","1.6","1001.8"
"Kustavi Isokari","2023","4","26","02:00","4.7","5.3","4.4","100","3.8","4.4","158","4.7","0.6","1001.6"
"Kustavi Isokari","2023","4","26","03:00","4.8","5.4","4.3","100","4.4","5.1","176","5.3","0.4","1001.4"
"Kustavi Isokari","2023","4","26","04:00","4.6","5","4.4","100","3.9","4.8","167","5.4","0.4","1001"
"Kustavi Isokari","2023","4","26","05:00","4.5","4.6","4.3","100","4.6","5.5","144","5.8","0.4","1000.8"
"Kustavi Isokari","2023","4","26","06:00","4.6","4.7","4.4","100","5.6","6","154","6.3","0","1000.7"
"Kustavi Isokari","2023","4","26","07:00","4.5","4.6","4.3","99","5.8","6.6","167","7.2","0.2","1000.5"
"Kustavi Isokari","2023","4","26","08:00","4.3","4.4","4.2","99","6.7","7.1","168","7.5","0.1","1000.5"
"Kustavi Isokari","2023","4","26","09:00","4.1","4.3","3.9","99","6.4","7","163","7.8","0","1000.7"
"Kustavi Isokari","2023","4","26","10:00","3.7","3.9","3.5","100","7.4","8.6","158","10.1","0","1000.7"
"Kustavi Isokari","2023","4","26","11:00","3.7","3.9","3.4","99","8.1","9.1","154","10.1","0","1001.1"
"Kustavi Isokari","2023","4","26","12:00","4","4.2","3.9","100","7.9","8.4","158","9.6","0","1001.4"
"Kustavi Isokari","2023","4","26","13:00","4.2","4.3","4.1","99","8.2","8.7","160","9.7","0","1001.8"
"Kustavi Isokari","2023","4","26","14:00","4.4","4.6","4.3","99","8.1","8.6","153","9.1","0","1001.8"
"Kustavi Isokari","2023","4","26","15:00","4.6","4.7","4.5","99","8.3","9","148","9.8","0","1002.1"
"Kustavi Isokari","2023","4","26","16:00","4.6","4.7","4.5","99","7.4","8.2","152","8.8","0","1002.4"
"Kustavi Isokari","2023","4","26","17:00","4.7","4.9","4.6","98","7.5","7.9","154","8.6","0","1002.6"
"Kustavi Isokari","2023","4","26","18:00","4.6","4.8","4.4","96","-","-","-","-","0","1002.9"
"Kustavi Isokari","2023","4","26","19:00","4.3","4.5","4.2","96","9","9.3","161","10.4","0","1003.1"
"Kustavi Isokari","2023","4","26","20:00","4","4.2","3.9","93","8.6","9.6","160","10.8","0","1003.3"
"Kustavi Isokari","2023","4","26","21:00","3.9","3.9","3.9","93","7.5","7.8","158","8.3","0","1003.5"
"Kustavi Isokari","2023","4","26","22:00","3.8","3.9","3.7","93","7.1","7.6","161","8","0","1003.8"
"Kustavi Isokari","2023","4","26","23:00","3.7","3.8","3.6","95","6.7","7.4","160","7.9","0","1004.1"
"Kustavi Isokari","2023","4","27","00:00","3.6","3.7","3.5","95","6.6","7.4","160","7.8","0","1004"
"Kustavi Isokari","2023","4","27","01:00","3.6","3.7","3.6","94","6.4","7.1","160","7.6","0","1004.1"
"Kustavi Isokari","2023","4","27","02:00","3.5","3.7","3.3","94","5.8","7.1","167","7.6","0","1004.2"
"Kustavi Isokari","2023","4","27","03:00","3.3","3.6","3.1","93","5","5.5","197","6.5","0","1004.4"
"Kustavi Isokari","2023","4","27","04:00","3.1","3.2","3.1","94","5","5.2","202","5.8","0","1004.7"
"Kustavi Isokari","2023","4","27","05:00","3","3.2","2.8","93","4","4.8","205","5.3","0","1005"
"Kustavi Isokari","2023","4","27","06:00","3","3.2","2.8","90","5","5.3","214","6.8","0","1005.3"
"Kustavi Isokari","2023","4","27","07:00","3.1","3.4","3","81","4.1","5.1","211","5.9","0","1005.7"
"Kustavi Isokari","2023","4","27","08:00","3.5","3.7","3.2","77","4.7","5.3","221","7.2","0","1006.1"
"Kustavi Isokari","2023","4","27","09:00","3.6","4.3","3.2","78","4.1","4.8","220","7","0","1006.6"
"Kustavi Isokari","2023","4","27","10:00","4.2","4.8","3.8","75","4","4.2","203","5.8","0","1006.9"
"Kustavi Isokari","2023","4","27","11:00","4.5","5.3","4","73","5.2","5.8","197","7.5","0","1007.3"
"Kustavi Isokari","2023","4","27","12:00","5","5.6","4.4","75","5.6","5.9","182","6.8","0","1007.8"
"Kustavi Isokari","2023","4","27","13:00","5.7","6.3","5.3","76","5.5","5.9","173","6.9","0","1008.3"
"Kustavi Isokari","2023","4","27","14:00","6.3","6.7","5.8","73","6.6","7.2","177","7.7","0","1008.5"
"Kustavi Isokari","2023","4","27","15:00","6.3","6.8","5.7","76","7","7.6","169","8.5","0","1008.9"
"Kustavi Isokari","2023","4","27","16:00","6","6.3","5.7","75","8.4","8.8","162","10","0","1009.4"
"Kustavi Isokari","2023","4","27","17:00","5.7","5.9","5.4","78","8.6","9.1","163","9.9","0","1009.9"
"Kustavi Isokari","2023","4","27","18:00","5.3","5.6","5.1","81","8.8","9.1","163","10","0","1010.2"
"Kustavi Isokari","2023","4","27","19:00","4.9","5.1","4.7","86","8.1","8.6","162","9.2","0","1010.5"
"Kustavi Isokari","2023","4","27","20:00","4.5","4.8","4.3","89","7.6","7.9","161","8.6","0","1010.6"
"Kustavi Isokari","2023","4","27","21:00","4.2","4.3","4","90","8.2","8.8","157","9.5","0","1010.9"
"Kustavi Isokari","2023","4","27","22:00","4","4","3.9","91","7.8","8.1","158","8.7","0","1011.2"
"Kustavi Isokari","2023","4","27","23:00","3.9","4","3.9","88","7.7","8.2","158","8.9","0","1011.2"
"Kustavi Isokari","2023","4","28","00:00","3.8","3.9","3.5","90","7.3","7.6","146","8.3","0","1011.2"
"Kustavi Isokari","2023","4","28","01:00","3.4","3.5","3.3","95","7.3","8","143","9","0","1011.4"
"Kustavi Isokari","2023","4","28","02:00","3.4","3.5","3.3","93","7.5","7.9","154","9.6","0","1011.5"
"Kustavi Isokari","2023","4","28","03:00","3.5","3.5","3.4","93","7","7.6","153","8.1","0","1011.4"
"Kustavi Isokari","2023","4","28","04:00","3.3","3.5","3.2","94","6.7","7.2","152","7.8","0","1011.4"
"Kustavi Isokari","2023","4","28","05:00","3.3","3.3","3.3","94","7","7.3","152","8.1","0","1011.5"
"Kustavi Isokari","2023","4","28","06:00","3.2","3.3","3.1","94","6.9","7.4","146","9","0","1011.5"
"Kustavi Isokari","2023","4","28","07:00","3.3","3.4","3.1","91","6.5","7.1","153","7.8","0","1011.6"
"Kustavi Isokari","2023","4","28","08:00","3.3","3.7","3.1","90","6.2","6.5","158","7.6","0","1011.7"
"Kustavi Isokari","2023","4","28","09:00","3.6","3.7","3.4","89","6.2","6.5","162","7.7","0","1012"
"Kustavi Isokari","2023","4","28","10:00","4.1","5","3.5","84","5.7","6.5","163","6.9","0","1012.1"
"Kustavi Isokari","2023","4","28","11:00","5","5.6","4.4","81","5.4","5.7","162","6.5","0","1012.2"
"Kustavi Isokari","2023","4","28","12:00","5.4","6.2","5","81","3.7","5.3","160","5.6","0","1012.5"
"Kustavi Isokari","2023","4","28","13:00","6.2","7.6","5.4","76","3.8","4.3","173","4.7","0","1012.5"
"Kustavi Isokari","2023","4","28","14:00","6.8","7.6","5.9","72","3","3.9","198","4.7","0","1012.6"
"Kustavi Isokari","2023","4","28","15:00","7","8.3","5.9","71","3.3","3.9","244","5.7","0","1012.8"
"Kustavi Isokari","2023","4","28","16:00","6.3","7.8","5.5","75","3.7","4.2","264","5.8","0","1013.1"
"Kustavi Isokari","2023","4","28","17:00","4.9","6","4.3","87","4.3","4.5","308","5.6","0","1013.2"
"Kustavi Isokari","2023","4","28","18:00","4.3","4.8","3.7","89","4.2","5.1","307","6.5","0","1013.4"
"Kustavi Isokari","2023","4","28","19:00","4","4.2","3.7","89","3.4","4","272","5.6","0","1013.6"
"Kustavi Isokari","2023","4","28","20:00","3.9","4.3","3.5","86","3.8","4.3","284","6","0","1013.7"
"Kustavi Isokari","2023","4","28","21:00","2.7","3.5","1.8","90","5","5.6","293","7.3","0","1013.9"
"Kustavi Isokari","2023","4","28","22:00","1.6","2","1.1","97","4.5","5.2","299","7.5","0","1014.1"
"Kustavi Isokari","2023","4","28","23:00","1","1.3","0.6","99","4","4.7","297","7","0","1014.2"
"Kustavi Isokari","2023","4","29","00:00","0.8","1.1","0.6","99","4.4","4.9","295","6.8","0","1014.2"
"Kustavi Isokari","2023","4","29","01:00","0.8","1.1","0.4","97","4.7","5.3","297","7.1","0","1014.1"
"Kustavi Isokari","2023","4","29","02:00","0.8","1.1","0.6","95","4.4","5.3","296","7","0","1014.1"
"Kustavi Isokari","2023","4","29","03:00","0.5","0.8","0.2","97","3.8","4.4","276","6.1","0","1014.1"
"Kustavi Isokari","2023","4","29","04:00","0.7","1","0.5","96","3.4","4.3","284","5.5","0","1014.1"
"Kustavi Isokari","2023","4","29","05:00","0.6","0.9","0.3","95","2.3","3.5","267","4.7","0","1014.1"
"Kustavi Isokari","2023","4","29","06:00","0.1","0.3","-0.1","97","2.2","3.3","226","4.4","0","1013.8"
"Kustavi Isokari","2023","4","29","07:00","0.5","0.9","0","98","4.2","5.1","192","6","0","1013.4"
"Kustavi Isokari","2023","4","29","08:00","1.3","1.6","0.9","98","5.6","5.8","180","7","0","1013"
"Kustavi Isokari","2023","4","29","09:00","2.1","3.2","1.6","97","5.7","6.1","181","6.7","0","1012.8"
"Kustavi Isokari","2023","4","29","10:00","4.3","5.4","3.2","86","5.7","6.1","189","7.2","0","1012.5"
"Kustavi Isokari","2023","4","29","11:00","5.5","6","5","79","6.2","6.5","196","8","0","1012.3"
"Kustavi Isokari","2023","4","29","12:00","5.8","6.6","5.1","81","5.2","6.2","177","6.6","0","1012.2"
"Kustavi Isokari","2023","4","29","13:00","6.5","7.1","5.6","77","8.4","10.1","178","10.9","0","1012"
"Kustavi Isokari","2023","4","29","14:00","7","7.7","6.5","71","8.1","9.7","184","10.4","0","1011.6"
"Kustavi Isokari","2023","4","29","15:00","7.2","7.6","6.8","67","10","11.1","176","12.3","0","1010.9"
"Kustavi Isokari","2023","4","29","16:00","6.2","7.3","5.7","79","9.3","10.1","166","12","0","1010.4"
"Kustavi Isokari","2023","4","29","17:00","5.7","5.9","5.5","84","9.8","10.4","168","11.8","0","1010"
"Kustavi Isokari","2023","4","29","18:00","5.6","6","5.3","81","10","10.8","165","12","0","1009.5"
"Kustavi Isokari","2023","4","29","19:00","5.7","5.8","5.6","71","10.5","11.3","179","12.7","0","1009.1"
"Kustavi Isokari","2023","4","29","20:00","5.6","5.9","5.3","70","10.4","12.1","174","14.5","0","1008.6"
"Kustavi Isokari","2023","4","29","21:00","5.3","5.8","4.7","70","9.6","12.1","178","14.2","0","1008"
"Kustavi Isokari","2023","4","29","22:00","4.2","4.7","3.8","84","11.9","12.7","155","14.4","0","1007.2"
"Kustavi Isokari","2023","4","29","23:00","3.7","3.9","3.6","89","11.2","11.7","134","13.4","0","1006.1"
"Kustavi Isokari","2023","4","30","00:00","3.8","4","3.7","90","11.3","11.7","125","13.7","0","1004.7"
"Kustavi Isokari","2023","4","30","01:00","4.2","4.4","4","91","9.7","11.1","129","12.2","0","1004"
"Kustavi Isokari","2023","4","30","02:00","4.6","4.8","4.3","92","8.1","8.9","155","10.6","0","1003.3"
"Kustavi Isokari","2023","4","30","03:00","4.3","4.6","4.2","91","6.6","7.4","198","8.5","0","1003.1"
"Kustavi Isokari","2023","4","30","04:00","4","4.2","3.8","90","4.8","5.9","221","7.2","0","1002.9"
"Kustavi Isokari","2023","4","30","05:00","3.8","3.9","3.8","91","4.2","4.4","221","6.3","0","1002.7"
"Kustavi Isokari","2023","4","30","06:00","3.6","3.9","3.1","92","4.9","5.6","224","7.9","0.1","1002.5"
"Kustavi Isokari","2023","4","30","07:00","3.3","3.4","3.2","93","4.5","5.1","246","7.2","0","1002.5"
"Kustavi Isokari","2023","4","30","08:00","2.9","3.2","2.8","96","5","6.1","258","8.1","0","1002.6"
"Kustavi Isokari","2023","4","30","09:00","2.7","3.1","2.3","95","6.3","7.3","276","10.7","0","1002.9"
"Kustavi Isokari","2023","4","30","10:00","2.5","3","2","96","9.6","10.9","313","13","0","1003.5"
"Kustavi Isokari","2023","4","30","11:00","2.6","3","2.2","94","10.9","11.6","307","14.3","0","1004.5"
"Kustavi Isokari","2023","4","30","12:00","2.8","3","2.6","94","11.7","12.3","312","15.2","0.2","1005.8"
"Kustavi Isokari","2023","4","30","13:00","3.2","3.6","2.9","92","11.7","12.8","312","15.2","0","1007.1"
"Kustavi Isokari","2023","4","30","14:00","3.8","4.4","3.5","87","9.9","10.6","304","12.9","0","1008.5"
"Kustavi Isokari","2023","4","30","15:00","4.1","4.6","3.5","81","9","10.2","301","12.3","0","1009.6"
"Kustavi Isokari","2023","4","30","16:00","4.6","5","4.2","75","8.2","8.6","296","10.9","0","1010.4"
"Kustavi Isokari","2023","4","30","17:00","5","5.4","4.7","75","7.7","8.1","285","10.9","0","1011.1"
"Kustavi Isokari","2023","4","30","18:00","5.4","6","4.9","72","6.5","7.1","283","9.7","0","1011.6"
"Kustavi Isokari","2023","4","30","19:00","5.3","5.8","5","72","5.7","6.6","270","8.7","0","1011.9"
"Kustavi Isokari","2023","4","30","20:00","5.4","5.6","5.1","67","4.5","5","253","7.1","0","1012"
"Kustavi Isokari","2023","4","30","21:00","4.7","5.4","4.5","72","5","5.7","235","7.9","0","1012.3"
"Kustavi Isokari","2023","4","30","22:00","4.7","4.9","4.6","70","6.9","7.4","247","9.9","0","1012.4"
"Kustavi Isokari","2023","4","30","23:00","5","5.1","4.8","72","6.5","7.1","236","10","0","1012.6"
